,Selling Price,MRP,Discount,Rating,Discount_Amount,Discount_Computed_%,Gender,Color,Fit,Product_Type,Print_Type,Category
0,399,999.0,60.0,4.6,600.0,60.1,Men,White,Unknown,T-Shirt,Solid,Topwear
1,699,1349.0,48.0,4.6,650.0,48.2,Men,Black,Oversized,T-Shirt,Solid,Topwear
2,599,1899.0,68.0,4.6,1300.0,68.5,Men,Lavender,Oversized,T-Shirt,Graphic,Topwear
3,599,1899.0,68.0,4.6,1300.0,68.5,Men,Beige,Oversized,T-Shirt,Typography,Topwear
4,799,2199.0,63.0,4.6,1400.0,63.7,Men,Black,Oversized,T-Shirt,Graphic,Topwear
5,499,999.0,50.0,4.6,500.0,50.1,Men,Black,Unknown,T-Shirt,Graphic,Topwear
6,699,1449.0,51.0,4.6,750.0,51.8,Men,Black,Oversized,T-Shirt,Solid,Topwear
7,449,1099.0,59.0,4.6,650.0,59.1,Men,Blue,Unknown,T-Shirt,Graphic,Topwear
8,499,999.0,50.0,4.6,500.0,50.1,Men,Black,Unknown,T-Shirt,Graphic,Topwear
9,699,1699.0,58.0,4.6,1000.0,58.9,Men,Brown,Oversized,T-Shirt,Graphic,Topwear
10,499,1149.0,56.0,4.6,650.0,56.6,Men,Blue,Unknown,T-Shirt,Graphic,Topwear
11,699,1449.0,51.0,4.6,750.0,51.8,Men,Green,Oversized,T-Shirt,Graphic,Topwear
12,499,1149.0,56.0,4.6,650.0,56.6,Men,Blue,Unknown,T-Shirt,Graphic,Topwear
13,399,999.0,60.0,4.6,600.0,60.1,Men,Blue,Unknown,T-Shirt,Solid,Topwear
14,599,1349.0,55.0,4.6,750.0,55.6,Men,Black,Oversized,T-Shirt,Solid,Topwear
15,699,1499.0,53.0,4.6,800.0,53.4,Men,Black,Oversized,T-Shirt,Graphic,Topwear
16,799,1699.0,52.0,4.6,900.0,53.0,Men,White,Oversized,T-Shirt,Solid,Topwear
17,699,1749.0,60.0,4.6,1050.0,60.0,Men,White,Oversized,T-Shirt,Solid,Topwear
18,649,1099.0,40.0,4.6,450.0,40.9,Men,Black,Oversized,T-Shirt,Printed,Topwear
19,699,1299.0,46.0,4.6,600.0,46.2,Men,Black,Oversized,T-Shirt,Graphic,Topwear
20,599,1899.0,68.0,4.3,1300.0,68.5,Men,Brown,Oversized,T-Shirt,Typography,Topwear
21,399,999.0,60.0,4.3,600.0,60.1,Men,White,Unknown,T-Shirt,Solid,Topwear
22,699,1349.0,48.0,4.3,650.0,48.2,Men,Black,Oversized,T-Shirt,Solid,Topwear
23,599,1899.0,68.0,4.3,1300.0,68.5,Men,Lavender,Oversized,T-Shirt,Graphic,Topwear
24,599,1899.0,68.0,4.3,1300.0,68.5,Men,Beige,Oversized,T-Shirt,Typography,Topwear
25,799,2199.0,63.0,4.3,1400.0,63.7,Men,Black,Oversized,T-Shirt,Graphic,Topwear
26,499,999.0,50.0,4.3,500.0,50.1,Men,Black,Unknown,T-Shirt,Graphic,Topwear
27,699,1449.0,51.0,4.3,750.0,51.8,Men,Black,Oversized,T-Shirt,Solid,Topwear
28,449,1099.0,59.0,4.3,650.0,59.1,Men,Blue,Unknown,T-Shirt,Graphic,Topwear
29,499,999.0,50.0,4.3,500.0,50.1,Men,Black,Unknown,T-Shirt,Graphic,Topwear
30,699,1699.0,58.0,4.3,1000.0,58.9,Men,Brown,Oversized,T-Shirt,Graphic,Topwear
31,499,1149.0,56.0,4.3,650.0,56.6,Men,Blue,Unknown,T-Shirt,Graphic,Topwear
32,699,1449.0,51.0,4.3,750.0,51.8,Men,Green,Oversized,T-Shirt,Graphic,Topwear
33,499,1149.0,56.0,4.3,650.0,56.6,Men,Blue,Unknown,T-Shirt,Graphic,Topwear
34,399,999.0,60.0,4.3,600.0,60.1,Men,Blue,Unknown,T-Shirt,Solid,Topwear
35,599,1349.0,55.0,4.3,750.0,55.6,Men,Black,Oversized,T-Shirt,Solid,Topwear
36,699,1499.0,53.0,4.3,800.0,53.4,Men,Black,Oversized,T-Shirt,Graphic,Topwear
37,799,1699.0,52.0,4.3,900.0,53.0,Men,White,Oversized,T-Shirt,Solid,Topwear
38,699,1749.0,60.0,4.3,1050.0,60.0,Men,White,Oversized,T-Shirt,Solid,Topwear
39,649,1099.0,40.0,4.3,450.0,40.9,Men,Black,Oversized,T-Shirt,Printed,Topwear
40,1899,4099.0,53.0,4.5,2200.0,53.7,Men,White,Oversized,Shirt,Solid,Topwear
41,1299,1499.0,13.0,4.5,200.0,13.3,Men,Green,Oversized,Shirt,Graphic,Topwear
42,1499,2999.0,50.0,4.5,1500.0,50.0,Men,Brown,Unknown,Shirt,Solid,Topwear
43,1299,2999.0,56.0,4.5,1700.0,56.7,Men,Unknown,Unknown,Shirt,Solid,Topwear
44,999,2399.0,58.0,4.5,1400.0,58.4,Men,Green,Oversized,Shirt,Solid,Topwear
45,1299,3299.0,60.0,4.5,2000.0,60.6,Men,Blue,Unknown,Shirt,Solid,Topwear
46,999,2399.0,58.0,4.5,1400.0,58.4,Men,Blue,Oversized,Shirt,Solid,Topwear
47,1499,3399.0,55.0,4.5,1900.0,55.9,Men,Black,Oversized,Shirt,Solid,Topwear
48,1499,3399.0,55.0,4.5,1900.0,55.9,Men,White,Oversized,Shirt,Solid,Topwear
49,1299,2999.0,56.0,4.5,1700.0,56.7,Men,Grey,Unknown,Shirt,Solid,Topwear
50,1499,2999.0,50.0,4.5,1500.0,50.0,Men,Pink,Unknown,Shirt,Solid,Topwear
51,999,2399.0,58.0,4.5,1400.0,58.4,Men,White,Oversized,Shirt,Solid,Topwear
52,1499,3399.0,55.0,4.5,1900.0,55.9,Men,Beige,Oversized,Shirt,Solid,Topwear
53,1699,3699.0,54.0,4.5,2000.0,54.1,Men,Black,Oversized,Shirt,Solid,Topwear
54,1499,3499.0,57.0,4.5,2000.0,57.2,Men,Grey,Oversized,Shirt,Solid,Topwear
55,1499,3499.0,57.0,4.5,2000.0,57.2,Men,White,Oversized,Shirt,Solid,Topwear
56,1699,3499.0,51.0,4.5,1800.0,51.4,Men,Brown,Unknown,Shirt,Solid,Topwear
57,999,2599.0,61.0,4.5,1600.0,61.6,Men,Black,Oversized,Shirt,Printed,Topwear
58,1899,4099.0,53.0,4.5,2200.0,53.7,Men,White,Oversized,Shirt,Solid,Topwear
59,1499,3599.0,58.0,4.5,2100.0,58.3,Men,Orange,Oversized,Shirt,Solid,Topwear
60,1259,2599.0,51.0,4.3,1340.0,51.6,Men,Grey,Oversized,Hoodie,Graphic,Outerwear
61,1149,2999.0,61.0,4.3,1850.0,61.7,Men,Unknown,Oversized,Hoodie,Solid,Outerwear
62,969,2999.0,67.0,4.3,2030.0,67.7,Men,Green,Oversized,Hoodie,Solid,Outerwear
63,1249,3599.0,65.0,4.3,2350.0,65.3,Men,Red,Oversized,Hoodie,Solid,Outerwear
64,1149,3199.0,64.0,4.3,2050.0,64.1,Men,Brown,Oversized,Hoodie,Solid,Outerwear
65,2599,5799.0,55.0,4.3,3200.0,55.2,Men,Black,Unknown,Hoodie,Solid,Outerwear
66,2599,5799.0,55.0,4.3,3200.0,55.2,Men,Grey,Unknown,Hoodie,Solid,Outerwear
67,999,3299.0,69.0,4.3,2300.0,69.7,Men,Unknown,Oversized,Hoodie,Graphic,Outerwear
68,2599,5799.0,55.0,4.3,3200.0,55.2,Men,Brown,Unknown,Hoodie,Solid,Outerwear
69,959,3199.0,70.0,4.3,2240.0,70.0,Men,Black,Oversized,Hoodie,Graphic,Outerwear
70,1089,3999.0,72.0,4.3,2910.0,72.8,Men,Black,Oversized,Hoodie,Typography,Outerwear
71,1199,3399.0,64.0,4.3,2200.0,64.7,Men,Black,Unknown,Hoodie,Graphic,Outerwear
72,1099,3499.0,68.0,4.3,2400.0,68.6,Men,Black,Oversized,Hoodie,Solid,Outerwear
73,1049,3199.0,67.0,4.3,2150.0,67.2,Men,White,Oversized,Hoodie,Graphic,Outerwear
74,849,2599.0,67.0,4.3,1750.0,67.3,Men,Orange,Oversized,Hoodie,Typography,Outerwear
75,849,2499.0,66.0,4.3,1650.0,66.0,Men,White,Oversized,Hoodie,Graphic,Outerwear
76,1829,4599.0,60.0,4.3,2770.0,60.2,Men,Black,Oversized,Hoodie,Solid,Outerwear
77,929,2999.0,69.0,4.3,2070.0,69.0,Men,Pink,Oversized,Hoodie,Solid,Outerwear
78,1799,5399.0,66.0,4.3,3600.0,66.7,Men,Red,Oversized,Hoodie,Graphic,Outerwear
79,2599,5799.0,55.0,4.3,3200.0,55.2,Men,Blue,Unknown,Hoodie,Solid,Outerwear
80,879,2899.0,69.0,4.6,2020.0,69.7,Men,Black,Oversized,Sweatshirt,Graphic,Outerwear
81,879,2899.0,69.0,4.6,2020.0,69.7,Men,Black,Oversized,Sweatshirt,Graphic,Outerwear
82,1119,3899.0,71.0,4.6,2780.0,71.3,Men,Red,Oversized,Sweatshirt,Solid,Outerwear
83,959,2999.0,68.0,4.6,2040.0,68.0,Men,Beige,Oversized,Sweatshirt,Graphic,Outerwear
84,849,2499.0,66.0,4.6,1650.0,66.0,Men,Black,Oversized,Sweatshirt,Graphic,Outerwear
85,1049,2899.0,63.0,4.6,1850.0,63.8,Men,Black,Unknown,Sweatshirt,Graphic,Outerwear
86,969,2999.0,67.0,4.6,2030.0,67.7,Men,Beige,Oversized,Sweatshirt,Graphic,Outerwear
87,1189,3999.0,70.0,4.6,2810.0,70.3,Men,Red,Oversized,Sweatshirt,Graphic,Outerwear
88,1119,3899.0,71.0,4.6,2780.0,71.3,Men,Grey,Oversized,Sweatshirt,Solid,Outerwear
89,799,2299.0,65.0,4.6,1500.0,65.2,Men,Blue,Oversized,Sweatshirt,Solid,Outerwear
90,1109,2899.0,61.0,4.6,1790.0,61.7,Men,Black,Unknown,Sweatshirt,Graphic,Outerwear
91,1089,3099.0,64.0,4.6,2010.0,64.9,Men,Black,Unknown,Sweatshirt,Graphic,Outerwear
92,889,2099.0,57.0,4.6,1210.0,57.6,Men,Beige,Oversized,Sweatshirt,Solid,Outerwear
93,979,2799.0,65.0,4.6,1820.0,65.0,Men,Brown,Oversized,Sweatshirt,Graphic,Outerwear
94,1419,3899.0,63.0,4.6,2480.0,63.6,Men,Red,Oversized,Sweatshirt,Graphic,Outerwear
95,869,1799.0,51.0,4.6,930.0,51.7,Men,Black,Unknown,Sweatshirt,Solid,Outerwear
96,749,2099.0,64.0,4.6,1350.0,64.3,Men,Black,Unknown,Sweatshirt,Graphic,Outerwear
97,899,2899.0,68.0,4.6,2000.0,69.0,Men,Black,Unknown,Sweatshirt,Graphic,Outerwear
98,1249,4799.0,73.0,4.6,3550.0,74.0,Men,Green,Oversized,Sweatshirt,Solid,Outerwear
99,769,2899.0,73.0,4.6,2130.0,73.5,Men,Black,Unknown,Sweatshirt,Graphic,Outerwear
100,2299,5399.0,57.0,4.5,3100.0,57.4,Men,Green,Unknown,Jacket,Solid,Outerwear
101,1729,2499.0,30.0,4.5,770.0,30.8,Men,Black,Oversized,Jacket,Typography,Outerwear
102,2499,5399.0,53.0,4.5,2900.0,53.7,Men,Brown,Unknown,Jacket,Solid,Outerwear
103,1049,3749.0,72.0,4.5,2700.0,72.0,Men,Black,Oversized,Jacket,Graphic,Outerwear
104,1729,5699.0,69.0,4.5,3970.0,69.7,Men,White,Oversized,Jacket,Typography,Outerwear
105,2299,5399.0,57.0,4.5,3100.0,57.4,Men,Green,Unknown,Jacket,Solid,Outerwear
106,839,3199.0,73.0,4.5,2360.0,73.8,Men,Black,Unknown,Jacket,Solid,Outerwear
107,2389,5699.0,58.0,4.5,3310.0,58.1,Men,Beige,Oversized,Jacket,Graphic,Outerwear
108,1369,4099.0,66.0,4.5,2730.0,66.6,Men,Black,Oversized,Jacket,Graphic,Outerwear
109,1319,4999.0,73.0,4.5,3680.0,73.6,Men,Beige,Oversized,Jacket,Solid,Outerwear
110,1139,5799.0,80.0,4.5,4660.0,80.4,Men,Black,Oversized,Jacket,Graphic,Outerwear
111,1039,3699.0,71.0,4.5,2660.0,71.9,Men,Black,Oversized,Jacket,Typography,Outerwear
112,1139,2499.0,54.0,4.5,1360.0,54.4,Men,Grey,Super Loose,Jacket,Typography,Outerwear
113,1139,2899.0,60.0,4.5,1760.0,60.7,Men,Grey,Oversized,Jacket,Solid,Outerwear
114,1019,3299.0,69.0,4.5,2280.0,69.1,Men,Green,Oversized,Jacket,Solid,Outerwear
115,899,3299.0,72.0,4.5,2400.0,72.7,Men,Red,Oversized,Jacket,Solid,Outerwear
116,1709,4399.0,61.0,4.5,2690.0,61.2,Men,Black,Oversized,Jacket,Solid,Outerwear
117,1849,6299.0,70.0,4.5,4450.0,70.6,Men,Blue,Oversized,Jacket,Solid,Outerwear
118,1199,4499.0,73.0,4.5,3300.0,73.3,Men,Black,Oversized,Jacket,Printed,Outerwear
119,999,2999.0,66.0,4.5,2000.0,66.7,Men,White,Unknown,Jacket,Solid,Outerwear
120,789,2499.0,68.0,4.4,1710.0,68.4,Men,Black,Oversized,Sweater,Typography,Outerwear
121,1429,4899.0,70.0,4.4,3470.0,70.8,Men,Black,Oversized,Sweater,Solid,Outerwear
122,969,2999.0,67.0,4.4,2030.0,67.7,Men,White,Oversized,Sweater,Solid,Outerwear
123,899,2399.0,62.0,4.4,1500.0,62.5,Men,Olive,Unknown,Sweater,Solid,Outerwear
124,1249,4099.0,69.0,4.4,2850.0,69.5,Men,Black,Oversized,Sweater,Typography,Outerwear
125,749,2399.0,68.0,4.4,1650.0,68.8,Men,Blue,Oversized,Sweater,Solid,Outerwear
126,819,2899.0,71.0,4.4,2080.0,71.7,Men,Black,Super Loose,Sweater,Typography,Outerwear
127,669,2399.0,72.0,4.4,1730.0,72.1,Men,Green,Oversized,Sweater,Solid,Outerwear
128,1129,4199.0,73.0,4.4,3070.0,73.1,Men,White,Oversized,Sweater,Solid,Outerwear
129,799,3099.0,74.0,4.4,2300.0,74.2,Men,Black,Oversized,Sweater,Solid,Outerwear
130,639,2199.0,70.0,4.4,1560.0,70.9,Men,Black,Oversized,Sweater,Solid,Outerwear
131,729,2399.0,69.0,4.4,1670.0,69.6,Men,Pink,Unknown,Sweater,Solid,Outerwear
132,779,2199.0,64.0,4.4,1420.0,64.6,Men,Green,Oversized,Sweater,Solid,Outerwear
133,789,2499.0,68.0,4.4,1710.0,68.4,Men,Unknown,Oversized,Sweater,Typography,Outerwear
134,699,1999.0,65.0,4.4,1300.0,65.0,Men,Grey,Unknown,Sweater,Solid,Outerwear
135,799,2499.0,68.0,4.4,1700.0,68.0,Men,Unknown,Unknown,Sweater,Solid,Outerwear
136,939,2099.0,55.0,4.4,1160.0,55.3,Men,Unknown,Oversized,Sweater,Typography,Outerwear
137,739,2399.0,69.0,4.4,1660.0,69.2,Men,Black,Unknown,Sweater,Graphic,Outerwear
138,699,2399.0,70.0,4.4,1700.0,70.9,Men,Brown,Super Loose,Sweater,Typography,Outerwear
139,749,2699.0,72.0,4.4,1950.0,72.2,Men,Blue,Super Loose,Sweater,Typography,Outerwear
140,999,2199.0,54.0,4.7,1200.0,54.6,Men,Black,Unknown,T-Shirt,Solid,Topwear
141,999,2199.0,54.0,4.7,1200.0,54.6,Men,Black,Unknown,T-Shirt,Solid,Topwear
142,999,2199.0,54.0,4.7,1200.0,54.6,Men,Blue,Unknown,T-Shirt,Solid,Topwear
143,1199,2099.0,42.0,4.7,900.0,42.9,Men,Brown,Oversized,T-Shirt,Solid,Topwear
144,1199,2099.0,42.0,4.7,900.0,42.9,Men,Black,Oversized,T-Shirt,Solid,Topwear
145,799,2099.0,61.0,4.7,1300.0,61.9,Men,Pink,Unknown,T-Shirt,Solid,Topwear
146,999,3199.0,68.0,4.7,2200.0,68.8,Men,Blue,Oversized,T-Shirt,Graphic,Topwear
147,999,2499.0,60.0,4.7,1500.0,60.0,Men,Pink,Unknown,T-Shirt,Solid,Topwear
148,999,1999.0,50.0,4.7,1000.0,50.0,Men,Brown,Unknown,T-Shirt,Solid,Topwear
149,799,2099.0,61.0,4.7,1300.0,61.9,Men,Grey,Unknown,T-Shirt,Solid,Topwear
150,799,2099.0,61.0,4.7,1300.0,61.9,Men,Blue,Unknown,T-Shirt,Solid,Topwear
151,999,2699.0,62.0,4.7,1700.0,63.0,Men,Purple,Oversized,T-Shirt,Solid,Topwear
152,999,1999.0,50.0,4.7,1000.0,50.0,Men,Blue,Unknown,T-Shirt,Solid,Topwear
153,899,3199.0,71.0,4.7,2300.0,71.9,Men,Brown,Oversized,T-Shirt,Graphic,Topwear
154,799,2099.0,61.0,4.7,1300.0,61.9,Men,Black,Unknown,T-Shirt,Solid,Topwear
155,1299,2499.0,48.0,4.7,1200.0,48.0,Men,White,Unknown,T-Shirt,Printed,Topwear
156,1299,2499.0,48.0,4.7,1200.0,48.0,Men,White,Unknown,T-Shirt,Printed,Topwear
157,999,2199.0,54.0,4.7,1200.0,54.6,Men,Grey,Oversized,T-Shirt,Solid,Topwear
158,799,2099.0,61.0,4.7,1300.0,61.9,Men,Brown,Unknown,T-Shirt,Solid,Topwear
159,799,2099.0,61.0,4.7,1300.0,61.9,Men,White,Unknown,T-Shirt,Solid,Topwear
160,599,1899.0,68.0,4.3,1300.0,68.5,Men,Brown,Oversized,T-Shirt,Typography,Topwear
161,699,1349.0,48.0,4.3,650.0,48.2,Men,Black,Oversized,T-Shirt,Solid,Topwear
162,599,1899.0,68.0,4.3,1300.0,68.5,Men,Lavender,Oversized,T-Shirt,Graphic,Topwear
163,599,1899.0,68.0,4.3,1300.0,68.5,Men,Beige,Oversized,T-Shirt,Typography,Topwear
164,799,2199.0,63.0,4.3,1400.0,63.7,Men,Black,Oversized,T-Shirt,Graphic,Topwear
165,699,1449.0,51.0,4.3,750.0,51.8,Men,Black,Oversized,T-Shirt,Solid,Topwear
166,699,1699.0,58.0,4.3,1000.0,58.9,Men,Brown,Oversized,T-Shirt,Graphic,Topwear
167,699,1449.0,51.0,4.3,750.0,51.8,Men,Green,Oversized,T-Shirt,Graphic,Topwear
168,599,1349.0,55.0,4.3,750.0,55.6,Men,Black,Oversized,T-Shirt,Solid,Topwear
169,699,1499.0,53.0,4.3,800.0,53.4,Men,Black,Oversized,T-Shirt,Graphic,Topwear
170,799,1699.0,52.0,4.3,900.0,53.0,Men,White,Oversized,T-Shirt,Solid,Topwear
171,699,1749.0,60.0,4.3,1050.0,60.0,Men,White,Oversized,T-Shirt,Solid,Topwear
172,649,1099.0,40.0,4.3,450.0,40.9,Men,Black,Oversized,T-Shirt,Printed,Topwear
173,699,1299.0,46.0,4.3,600.0,46.2,Men,Black,Oversized,T-Shirt,Graphic,Topwear
174,699,1299.0,46.0,4.3,600.0,46.2,Men,Brown,Oversized,T-Shirt,Solid,Topwear
175,699,1299.0,46.0,4.3,600.0,46.2,Men,Red,Oversized,T-Shirt,Solid,Topwear
176,599,1199.0,50.0,4.3,600.0,50.0,Men,Black,Oversized,T-Shirt,Graphic,Topwear
177,569,1599.0,64.0,4.3,1030.0,64.4,Men,Black,Unknown,T-Shirt,Solid,Topwear
178,599,1799.0,66.0,4.3,1200.0,66.7,Men,Black,Oversized,T-Shirt,Graphic,Topwear
179,699,1599.0,56.0,4.3,900.0,56.3,Men,Black,Oversized,T-Shirt,Graphic,Topwear
180,399,999.0,60.0,4.6,600.0,60.1,Men,White,Unknown,T-Shirt,Solid,Topwear
181,499,999.0,50.0,4.6,500.0,50.1,Men,Black,Unknown,T-Shirt,Graphic,Topwear
182,449,1099.0,59.0,4.6,650.0,59.1,Men,Blue,Unknown,T-Shirt,Graphic,Topwear
183,499,999.0,50.0,4.6,500.0,50.1,Men,Black,Unknown,T-Shirt,Graphic,Topwear
184,499,1149.0,56.0,4.6,650.0,56.6,Men,Blue,Unknown,T-Shirt,Graphic,Topwear
185,499,1149.0,56.0,4.6,650.0,56.6,Men,Blue,Unknown,T-Shirt,Graphic,Topwear
186,399,999.0,60.0,4.6,600.0,60.1,Men,Blue,Unknown,T-Shirt,Solid,Topwear
187,399,699.0,42.0,4.6,300.0,42.9,Men,Green,Unknown,T-Shirt,Solid,Topwear
188,499,1499.0,66.0,4.6,1000.0,66.7,Men,Grey,Unknown,T-Shirt,Graphic,Topwear
189,449,1099.0,59.0,4.6,650.0,59.1,Men,Black,Unknown,T-Shirt,Graphic,Topwear
190,399,999.0,60.0,4.6,600.0,60.1,Men,Black,Unknown,T-Shirt,Solid,Topwear
191,449,999.0,55.0,4.6,550.0,55.1,Men,Blue,Unknown,T-Shirt,Typography,Topwear
192,449,1199.0,62.0,4.6,750.0,62.6,Men,Blue,Unknown,T-Shirt,Typography,Topwear
193,499,1299.0,61.0,4.6,800.0,61.6,Men,Grey,Unknown,T-Shirt,Graphic,Topwear
194,499,1099.0,54.0,4.6,600.0,54.6,Men,Black,Unknown,T-Shirt,Graphic,Topwear
195,699,1599.0,56.0,4.6,900.0,56.3,Men,White,Unknown,T-Shirt,Solid,Topwear
196,399,999.0,60.0,4.6,600.0,60.1,Men,Green,Unknown,T-Shirt,Solid,Topwear
197,599,1399.0,57.0,4.6,800.0,57.2,Men,Grey,Unknown,T-Shirt,Graphic,Topwear
198,499,1149.0,56.0,4.6,650.0,56.6,Men,Blue,Unknown,T-Shirt,Graphic,Topwear
199,399,999.0,60.0,4.6,600.0,60.1,Men,Blue,Unknown,T-Shirt,Solid,Topwear
200,599,1899.0,68.0,4.3,1300.0,68.5,Men,Brown,Oversized,T-Shirt,Typography,Topwear
201,399,999.0,60.0,4.3,600.0,60.1,Men,White,Unknown,T-Shirt,Solid,Topwear
202,599,1899.0,68.0,4.3,1300.0,68.5,Men,Lavender,Oversized,T-Shirt,Graphic,Topwear
203,599,1899.0,68.0,4.3,1300.0,68.5,Men,Beige,Oversized,T-Shirt,Typography,Topwear
204,799,2199.0,63.0,4.3,1400.0,63.7,Men,Black,Oversized,T-Shirt,Graphic,Topwear
205,499,999.0,50.0,4.3,500.0,50.1,Men,Black,Unknown,T-Shirt,Graphic,Topwear
206,699,1449.0,51.0,4.3,750.0,51.8,Men,Black,Oversized,T-Shirt,Solid,Topwear
207,449,1099.0,59.0,4.3,650.0,59.1,Men,Blue,Unknown,T-Shirt,Graphic,Topwear
208,499,999.0,50.0,4.3,500.0,50.1,Men,Black,Unknown,T-Shirt,Graphic,Topwear
209,699,1699.0,58.0,4.3,1000.0,58.9,Men,Brown,Oversized,T-Shirt,Graphic,Topwear
210,499,1149.0,56.0,4.3,650.0,56.6,Men,Blue,Unknown,T-Shirt,Graphic,Topwear
211,699,1449.0,51.0,4.3,750.0,51.8,Men,Green,Oversized,T-Shirt,Graphic,Topwear
212,499,1149.0,56.0,4.3,650.0,56.6,Men,Blue,Unknown,T-Shirt,Graphic,Topwear
213,399,999.0,60.0,4.3,600.0,60.1,Men,Blue,Unknown,T-Shirt,Solid,Topwear
214,599,1349.0,55.0,4.3,750.0,55.6,Men,Black,Oversized,T-Shirt,Solid,Topwear
215,799,1699.0,52.0,4.3,900.0,53.0,Men,White,Oversized,T-Shirt,Solid,Topwear
216,649,1099.0,40.0,4.3,450.0,40.9,Men,Black,Oversized,T-Shirt,Printed,Topwear
217,699,1299.0,46.0,4.3,600.0,46.2,Men,Black,Oversized,T-Shirt,Graphic,Topwear
218,399,699.0,42.0,4.3,300.0,42.9,Men,Green,Unknown,T-Shirt,Solid,Topwear
219,499,1499.0,66.0,4.3,1000.0,66.7,Men,Grey,Unknown,T-Shirt,Graphic,Topwear
220,599,1299.0,53.0,4.3,700.0,53.9,Men,Grey,Unknown,Pyjamas,Solid,Loungewear
221,999,2499.0,60.0,4.3,1500.0,60.0,Men,Grey,Oversized,Joggers,Solid,Bottomwear
222,999,2499.0,60.0,4.3,1500.0,60.0,Men,Blue,Oversized,Joggers,Solid,Bottomwear
223,899,2049.0,56.0,4.3,1150.0,56.1,Men,Black,Super Loose,Joggers,Solid,Bottomwear
224,1699,3999.0,57.0,4.3,2300.0,57.5,Men,Blue,Unknown,Jeans,Solid,Bottomwear
225,1499,2999.0,50.0,4.3,1500.0,50.0,Men,Black,Baggy,Jeans,Solid,Bottomwear
226,1499,3699.0,59.0,4.3,2200.0,59.5,Men,Black,Unknown,Jeans,Solid,Bottomwear
227,899,2499.0,64.0,4.3,1600.0,64.0,Men,Black,Oversized,Joggers,Solid,Bottomwear
228,1499,3799.0,60.0,4.3,2300.0,60.5,Men,Green,Unknown,Jeans,Solid,Bottomwear
229,899,2199.0,59.0,4.3,1300.0,59.1,Men,Black,Oversized,Joggers,Solid,Bottomwear
230,599,1199.0,50.0,4.3,600.0,50.0,Men,Black,Unknown,Pyjamas,Solid,Loungewear
231,899,2199.0,59.0,4.3,1300.0,59.1,Men,Green,Oversized,Joggers,Solid,Bottomwear
232,899,1799.0,50.0,4.3,900.0,50.0,Men,Black,Oversized,Joggers,Solid,Bottomwear
233,899,1899.0,52.0,4.3,1000.0,52.7,Men,Brown,Oversized,Joggers,Solid,Bottomwear
234,1199,2999.0,60.0,4.3,1800.0,60.0,Men,Black,Baggy,Jeans,Solid,Bottomwear
235,999,2399.0,58.0,4.3,1400.0,58.4,Men,Grey,Oversized,Joggers,Solid,Bottomwear
236,999,2399.0,58.0,4.3,1400.0,58.4,Men,Green,Oversized,Joggers,Solid,Bottomwear
237,1499,3699.0,59.0,4.3,2200.0,59.5,Men,Black,Unknown,Jeans,Solid,Bottomwear
238,1049,2549.0,58.0,4.3,1500.0,58.8,Men,Black,Unknown,Pants,Solid,Bottomwear
239,999,2499.0,60.0,4.3,1500.0,60.0,Men,Grey,Oversized,Joggers,Solid,Bottomwear
240,999,2499.0,60.0,4.3,1500.0,60.0,Men,Blue,Oversized,Joggers,Solid,Bottomwear
241,899,2049.0,56.0,4.3,1150.0,56.1,Men,Black,Super Loose,Joggers,Solid,Bottomwear
242,899,2499.0,64.0,4.3,1600.0,64.0,Men,Black,Oversized,Joggers,Solid,Bottomwear
243,899,2199.0,59.0,4.3,1300.0,59.1,Men,Black,Oversized,Joggers,Solid,Bottomwear
244,899,2199.0,59.0,4.3,1300.0,59.1,Men,Green,Oversized,Joggers,Solid,Bottomwear
245,899,1799.0,50.0,4.3,900.0,50.0,Men,Black,Oversized,Joggers,Solid,Bottomwear
246,899,1899.0,52.0,4.3,1000.0,52.7,Men,Brown,Oversized,Joggers,Solid,Bottomwear
247,999,2399.0,58.0,4.3,1400.0,58.4,Men,Grey,Oversized,Joggers,Solid,Bottomwear
248,999,2399.0,58.0,4.3,1400.0,58.4,Men,Green,Oversized,Joggers,Solid,Bottomwear
249,1049,2549.0,58.0,4.3,1500.0,58.8,Men,Black,Unknown,Pants,Solid,Bottomwear
250,899,2549.0,64.0,4.3,1650.0,64.7,Men,Beige,Unknown,Pants,Solid,Bottomwear
251,899,1899.0,52.0,4.3,1000.0,52.7,Men,Grey,Oversized,Joggers,Solid,Bottomwear
252,899,2499.0,64.0,4.3,1600.0,64.0,Men,Brown,Oversized,Joggers,Solid,Bottomwear
253,699,1699.0,58.0,4.3,1000.0,58.9,Men,Blue,Unknown,Joggers,Solid,Bottomwear
254,1299,3799.0,65.0,4.3,2500.0,65.8,Men,Grey,Oversized,Joggers,Solid,Bottomwear
255,899,2199.0,59.0,4.3,1300.0,59.1,Men,Grey,Oversized,Joggers,Solid,Bottomwear
256,1499,4199.0,64.0,4.3,2700.0,64.3,Men,Beige,Unknown,Pants,Solid,Bottomwear
257,899,2399.0,62.0,4.3,1500.0,62.5,Men,Black,Oversized,Joggers,Solid,Bottomwear
258,1049,2549.0,58.0,4.4,1500.0,58.8,Men,Black,Unknown,Pants,Solid,Bottomwear
259,899,2549.0,64.0,4.4,1650.0,64.7,Men,Beige,Unknown,Pants,Solid,Bottomwear
260,1199,2199.0,45.0,4.4,1000.0,45.5,Men,Black,Oversized,Pants,Solid,Bottomwear
261,1499,4199.0,64.0,4.4,2700.0,64.3,Men,Beige,Unknown,Pants,Solid,Bottomwear
262,1499,4199.0,64.0,4.4,2700.0,64.3,Men,Blue,Unknown,Pants,Solid,Bottomwear
263,999,2549.0,60.0,4.4,1550.0,60.8,Men,Brown,Unknown,Pants,Solid,Bottomwear
264,999,2549.0,60.0,4.4,1550.0,60.8,Men,Blue,Unknown,Pants,Solid,Bottomwear
265,999,2549.0,60.0,4.4,1550.0,60.8,Men,Grey,Unknown,Pants,Solid,Bottomwear
266,1199,2199.0,45.0,4.4,1000.0,45.5,Men,White,Oversized,Pants,Solid,Bottomwear
267,1199,2199.0,45.0,4.4,1000.0,45.5,Men,Grey,Oversized,Pants,Solid,Bottomwear
268,1299,3399.0,61.0,4.4,2100.0,61.8,Men,Black,Oversized,Pants,Graphic,Bottomwear
269,899,1799.0,50.0,4.4,900.0,50.0,Men,Brown,Unknown,Pants,Solid,Bottomwear
270,1199,2699.0,55.0,4.4,1500.0,55.6,Men,Brown,Oversized,Pants,Solid,Bottomwear
271,1299,3399.0,61.0,4.4,2100.0,61.8,Men,Brown,Oversized,Pants,Graphic,Bottomwear
272,1199,2699.0,55.0,4.4,1500.0,55.6,Men,Beige,Oversized,Pants,Solid,Bottomwear
273,949,2699.0,64.0,4.4,1750.0,64.8,Men,Grey,Oversized,Pants,Solid,Bottomwear
274,779,3199.0,75.0,4.4,2420.0,75.6,Men,Grey,Oversized,Pants,Graphic,Bottomwear
275,1299,3399.0,61.0,4.4,2100.0,61.8,Men,Unknown,Oversized,Pants,Solid,Bottomwear
276,899,3099.0,70.0,4.4,2200.0,71.0,Men,Grey,Oversized,Pants,Typography,Bottomwear
277,999,3199.0,68.0,4.4,2200.0,68.8,Men,Green,Oversized,Pants,Solid,Bottomwear
278,1299,2949.0,55.0,4.5,1650.0,56.0,Men,Grey,Oversized,Pants,Solid,Bottomwear
279,1199,2199.0,45.0,4.5,1000.0,45.5,Men,Black,Oversized,Pants,Solid,Bottomwear
280,959,2949.0,67.0,4.5,1990.0,67.5,Men,Grey,Unknown,Pants,Solid,Bottomwear
281,899,2699.0,66.0,4.5,1800.0,66.7,Men,Grey,Unknown,Pants,Solid,Bottomwear
282,799,2899.0,72.0,4.5,2100.0,72.4,Men,Grey,Unknown,Pants,Solid,Bottomwear
283,1499,2999.0,50.0,4.5,1500.0,50.0,Men,White,Unknown,Pants,Solid,Bottomwear
284,1299,2599.0,50.0,4.5,1300.0,50.0,Men,Grey,Unknown,Pants,Solid,Bottomwear
285,1199,2199.0,45.0,4.5,1000.0,45.5,Men,White,Oversized,Pants,Solid,Bottomwear
286,1199,2199.0,45.0,4.5,1000.0,45.5,Men,Grey,Oversized,Pants,Solid,Bottomwear
287,1149,2599.0,55.0,4.5,1450.0,55.8,Men,Green,Unknown,Pants,Solid,Bottomwear
288,1499,2999.0,50.0,4.5,1500.0,50.0,Men,Grey,Unknown,Pants,Solid,Bottomwear
289,1499,4199.0,64.0,4.5,2700.0,64.3,Men,Grey,Unknown,Pants,Solid,Bottomwear
290,1399,3299.0,57.0,4.5,1900.0,57.6,Men,Black,Unknown,Pants,Solid,Bottomwear
291,1999,4899.0,59.0,4.5,2900.0,59.2,Men,Green,Unknown,Pants,Solid,Bottomwear
292,1199,2699.0,55.0,4.5,1500.0,55.6,Men,Brown,Oversized,Pants,Solid,Bottomwear
293,1599,3999.0,60.0,4.5,2400.0,60.0,Men,Black,Unknown,Pants,Graphic,Bottomwear
294,1299,2699.0,51.0,4.5,1400.0,51.9,Men,Green,Oversized,Pants,Solid,Bottomwear
295,1299,2949.0,55.0,4.5,1650.0,56.0,Men,Brown,Oversized,Pants,Solid,Bottomwear
296,1199,2699.0,55.0,4.5,1500.0,55.6,Men,Beige,Oversized,Pants,Solid,Bottomwear
297,1499,2999.0,50.0,4.5,1500.0,50.0,Men,Grey,Unknown,Pants,Solid,Bottomwear
298,1699,3999.0,57.0,4.4,2300.0,57.5,Men,Blue,Unknown,Jeans,Solid,Bottomwear
299,1499,2999.0,50.0,4.4,1500.0,50.0,Men,Black,Baggy,Jeans,Solid,Bottomwear
300,1499,3699.0,59.0,4.4,2200.0,59.5,Men,Black,Unknown,Jeans,Solid,Bottomwear
301,1499,3799.0,60.0,4.4,2300.0,60.5,Men,Green,Unknown,Jeans,Solid,Bottomwear
302,1199,2999.0,60.0,4.4,1800.0,60.0,Men,Black,Baggy,Jeans,Solid,Bottomwear
303,1499,3699.0,59.0,4.4,2200.0,59.5,Men,Black,Unknown,Jeans,Solid,Bottomwear
304,1499,3899.0,61.0,4.4,2400.0,61.6,Men,Blue,Baggy,Jeans,Solid,Bottomwear
305,1499,3799.0,60.0,4.4,2300.0,60.5,Men,Blue,Unknown,Jeans,Solid,Bottomwear
306,1199,2899.0,58.0,4.4,1700.0,58.6,Men,Blue,Unknown,Jeans,Solid,Bottomwear
307,1499,3599.0,58.0,4.4,2100.0,58.3,Men,Blue,Unknown,Jeans,Solid,Bottomwear
308,1499,3499.0,57.0,4.4,2000.0,57.2,Men,Black,Unknown,Jeans,Solid,Bottomwear
309,1199,2799.0,57.0,4.4,1600.0,57.2,Men,Blue,Unknown,Jeans,Solid,Bottomwear
310,1499,3499.0,57.0,4.4,2000.0,57.2,Men,Black,Unknown,Jeans,Solid,Bottomwear
311,1499,3899.0,61.0,4.4,2400.0,61.6,Men,Blue,Unknown,Jeans,Solid,Bottomwear
312,1699,2899.0,41.0,4.4,1200.0,41.4,Men,White,Baggy,Jeans,Solid,Bottomwear
313,1499,3799.0,60.0,4.4,2300.0,60.5,Men,Beige,Baggy,Jeans,Solid,Bottomwear
314,1499,3799.0,60.0,4.4,2300.0,60.5,Men,Black,Baggy,Jeans,Solid,Bottomwear
315,1699,3399.0,50.0,4.4,1700.0,50.0,Men,Brown,Baggy,Jeans,Solid,Bottomwear
316,1499,3999.0,62.0,4.4,2500.0,62.5,Men,Blue,Unknown,Jeans,Solid,Bottomwear
317,1299,1499.0,13.0,4.4,200.0,13.3,Men,Grey,Baggy,Jeans,Solid,Bottomwear
318,599,1299.0,53.0,4.4,700.0,53.9,Men,Grey,Unknown,Pyjamas,Solid,Loungewear
319,599,1199.0,50.0,4.4,600.0,50.0,Men,Black,Unknown,Pyjamas,Solid,Loungewear
320,549,1299.0,57.0,4.4,750.0,57.7,Men,Maroon,Unknown,Pyjamas,Solid,Loungewear
321,599,1299.0,53.0,4.4,700.0,53.9,Men,Black,Unknown,Pyjamas,Printed,Loungewear
322,549,1199.0,54.0,4.4,650.0,54.2,Men,Grey,Unknown,Pyjamas,Solid,Loungewear
323,649,1449.0,55.0,4.4,800.0,55.2,Men,Black,Oversized,Pyjamas,Solid,Loungewear
324,599,1299.0,53.0,4.4,700.0,53.9,Men,Blue,Unknown,Pyjamas,Solid,Loungewear
325,699,1449.0,51.0,4.4,750.0,51.8,Men,White,Unknown,Pyjamas,Printed,Loungewear
326,549,1299.0,57.0,4.4,750.0,57.7,Men,Blue,Unknown,Pyjamas,Solid,Loungewear
327,599,1449.0,58.0,4.4,850.0,58.7,Men,Grey,Oversized,Pyjamas,Solid,Loungewear
328,599,1299.0,53.0,4.4,700.0,53.9,Men,Black,Unknown,Pyjamas,Solid,Loungewear
329,419,1449.0,71.0,4.4,1030.0,71.1,Men,White,Unknown,Pyjamas,Printed,Loungewear
330,429,1899.0,77.0,4.4,1470.0,77.4,Men,Blue,Unknown,Pyjamas,Printed,Loungewear
331,569,1899.0,70.0,4.4,1330.0,70.0,Men,Blue,Unknown,Pyjamas,Printed,Loungewear
332,599,1399.0,57.0,4.4,800.0,57.2,Men,White,Unknown,Pyjamas,Printed,Loungewear
333,399,1899.0,78.0,4.4,1500.0,79.0,Men,Black,Unknown,Pyjamas,Printed,Loungewear
334,399,1899.0,78.0,4.4,1500.0,79.0,Men,Blue,Unknown,Pyjamas,Printed,Loungewear
335,599,1299.0,53.0,4.4,700.0,53.9,Men,Olive,Unknown,Pyjamas,Solid,Loungewear
336,699,1899.0,63.0,4.4,1200.0,63.2,Men,Red,Unknown,Pyjamas,Printed,Loungewear
337,509,899.0,43.0,4.4,390.0,43.4,Men,Unknown,Unknown,Pyjamas,Printed,Loungewear
338,799,1899.0,57.0,4.5,1100.0,57.9,Men,Blue,Oversized,Shorts,Solid,Bottomwear
339,699,1199.0,41.0,4.5,500.0,41.7,Men,Black,Oversized,Shorts,Typography,Bottomwear
340,999,2299.0,56.0,4.5,1300.0,56.5,Men,Black,Oversized,Shorts,Solid,Bottomwear
341,799,1899.0,57.0,4.5,1100.0,57.9,Men,Brown,Oversized,Shorts,Solid,Bottomwear
342,999,2299.0,56.0,4.5,1300.0,56.5,Men,Green,Oversized,Shorts,Solid,Bottomwear
343,699,2299.0,69.0,4.5,1600.0,69.6,Men,Green,Oversized,Shorts,Solid,Bottomwear
344,999,2599.0,61.0,4.5,1600.0,61.6,Men,Green,Baggy,Shorts,Solid,Bottomwear
345,999,2599.0,61.0,4.5,1600.0,61.6,Men,Grey,Baggy,Shorts,Solid,Bottomwear
346,999,2599.0,61.0,4.5,1600.0,61.6,Men,Blue,Baggy,Shorts,Solid,Bottomwear
347,739,1299.0,43.0,4.5,560.0,43.1,Men,Blue,Baggy,Shorts,Solid,Bottomwear
348,729,1299.0,43.0,4.5,570.0,43.9,Men,Grey,Baggy,Shorts,Solid,Bottomwear
349,1299,2899.0,55.0,4.5,1600.0,55.2,Men,Grey,Baggy,Shorts,Solid,Bottomwear
350,659,1299.0,49.0,4.5,640.0,49.3,Men,Blue,Baggy,Shorts,Solid,Bottomwear
351,789,2899.0,72.0,4.5,2110.0,72.8,Men,Blue,Baggy,Shorts,Solid,Bottomwear
352,599,1599.0,62.0,4.5,1000.0,62.5,Men,Black,Oversized,Shorts,Solid,Bottomwear
353,799,2299.0,65.0,4.5,1500.0,65.2,Men,Grey,Oversized,Shorts,Solid,Bottomwear
354,799,2299.0,65.0,4.5,1500.0,65.2,Men,Brown,Oversized,Shorts,Solid,Bottomwear
355,749,2799.0,73.0,4.5,2050.0,73.2,Men,Brown,Baggy,Shorts,Solid,Bottomwear
358,289,1099.0,73.0,4.4,810.0,73.7,Men,White,Unknown,Boxers,Printed,Loungewear
359,449,799.0,43.0,4.4,350.0,43.8,Men,White,Unknown,Boxers,Printed,Loungewear
360,449,1099.0,59.0,4.4,650.0,59.1,Men,Grey,Unknown,Boxers,Printed,Loungewear
362,289,1099.0,73.0,4.4,810.0,73.7,Men,Blue,Unknown,Boxers,Printed,Loungewear
363,449,799.0,43.0,4.4,350.0,43.8,Men,Grey,Unknown,Boxers,Solid,Loungewear
364,399,899.0,55.0,4.4,500.0,55.6,Men,Black,Unknown,Boxers,Printed,Loungewear
365,279,999.0,72.0,4.4,720.0,72.1,Men,White,Unknown,Boxers,Printed,Loungewear
366,289,1099.0,73.0,4.4,810.0,73.7,Men,White,Unknown,Boxers,Printed,Loungewear
367,289,1099.0,73.0,4.4,810.0,73.7,Men,White,Unknown,Boxers,Printed,Loungewear
368,289,1099.0,73.0,4.4,810.0,73.7,Men,Blue,Unknown,Boxers,Printed,Loungewear
369,499,899.0,44.0,4.4,400.0,44.5,Men,Black,Unknown,Boxers,Printed,Loungewear
371,399,999.0,60.0,4.4,600.0,60.1,Men,White,Unknown,Boxers,Printed,Loungewear
372,499,899.0,44.0,4.4,400.0,44.5,Men,Beige,Unknown,Boxers,Printed,Loungewear
373,329,1099.0,70.0,4.4,770.0,70.1,Men,Grey,Unknown,Boxers,Printed,Loungewear
374,279,999.0,72.0,4.4,720.0,72.1,Men,Beige,Unknown,Boxers,Printed,Loungewear
375,899,2199.0,59.0,4.3,1300.0,59.1,Men,Black,Oversized,Joggers,Solid,Bottomwear
376,899,2199.0,59.0,4.3,1300.0,59.1,Men,Green,Oversized,Joggers,Solid,Bottomwear
377,899,1899.0,52.0,4.3,1000.0,52.7,Men,Brown,Oversized,Joggers,Solid,Bottomwear
378,999,2399.0,58.0,4.3,1400.0,58.4,Men,Green,Oversized,Joggers,Solid,Bottomwear
379,899,1899.0,52.0,4.3,1000.0,52.7,Men,Grey,Oversized,Joggers,Solid,Bottomwear
380,899,2199.0,59.0,4.3,1300.0,59.1,Men,Grey,Oversized,Joggers,Solid,Bottomwear
381,1499,4199.0,64.0,4.3,2700.0,64.3,Men,Beige,Unknown,Pants,Solid,Bottomwear
382,899,2399.0,62.0,4.3,1500.0,62.5,Men,Black,Oversized,Joggers,Solid,Bottomwear
383,1499,4199.0,64.0,4.3,2700.0,64.3,Men,Blue,Unknown,Pants,Solid,Bottomwear
384,999,2599.0,61.0,4.3,1600.0,61.6,Men,Blue,Oversized,Joggers,Solid,Bottomwear
385,899,2199.0,59.0,4.3,1300.0,59.1,Men,Brown,Oversized,Joggers,Solid,Bottomwear
386,899,1949.0,53.0,4.3,1050.0,53.9,Men,Brown,Oversized,Joggers,Solid,Bottomwear
387,999,2249.0,55.0,4.3,1250.0,55.6,Men,Black,Super Loose,Joggers,Solid,Bottomwear
388,1299,2549.0,49.0,4.3,1250.0,49.0,Men,Black,Super Loose,Joggers,Solid,Bottomwear
389,999,2599.0,61.0,4.3,1600.0,61.6,Men,Brown,Oversized,Joggers,Solid,Bottomwear
390,619,2399.0,74.0,4.3,1780.0,74.2,Men,Green,Oversized,Joggers,Solid,Bottomwear
391,999,2399.0,58.0,4.3,1400.0,58.4,Men,Black,Super Loose,Joggers,Solid,Bottomwear
392,999,2799.0,64.0,4.3,1800.0,64.3,Men,Black,Super Loose,Joggers,Solid,Bottomwear
393,999,2699.0,62.0,4.3,1700.0,63.0,Men,Brown,Oversized,Joggers,Solid,Bottomwear
394,1299,2949.0,55.0,4.5,1650.0,56.0,Men,Grey,Oversized,Pants,Solid,Bottomwear
395,959,2949.0,67.0,4.5,1990.0,67.5,Men,Grey,Unknown,Pants,Solid,Bottomwear
396,1499,4199.0,64.0,4.5,2700.0,64.3,Men,Beige,Unknown,Pants,Solid,Bottomwear
397,1499,4199.0,64.0,4.5,2700.0,64.3,Men,Blue,Unknown,Pants,Solid,Bottomwear
398,799,2899.0,72.0,4.5,2100.0,72.4,Men,Grey,Unknown,Pants,Solid,Bottomwear
399,1499,4199.0,64.0,4.5,2700.0,64.3,Men,Grey,Unknown,Pants,Solid,Bottomwear
400,1399,3299.0,57.0,4.5,1900.0,57.6,Men,Black,Unknown,Pants,Solid,Bottomwear
401,1999,4899.0,59.0,4.5,2900.0,59.2,Men,Green,Unknown,Pants,Solid,Bottomwear
402,1599,3999.0,60.0,4.5,2400.0,60.0,Men,Black,Unknown,Pants,Graphic,Bottomwear
403,1299,2699.0,51.0,4.5,1400.0,51.9,Men,Green,Oversized,Pants,Solid,Bottomwear
404,1299,2949.0,55.0,4.5,1650.0,56.0,Men,Brown,Oversized,Pants,Solid,Bottomwear
405,1399,3299.0,57.0,4.5,1900.0,57.6,Men,Grey,Unknown,Pants,Solid,Bottomwear
406,1399,3999.0,65.0,4.5,2600.0,65.0,Men,Green,Baggy,Pants,Solid,Bottomwear
407,1299,2949.0,55.0,4.5,1650.0,56.0,Men,Black,Oversized,Pants,Solid,Bottomwear
408,1399,3299.0,57.0,4.5,1900.0,57.6,Men,Beige,Unknown,Pants,Solid,Bottomwear
409,1499,3999.0,62.0,4.5,2500.0,62.5,Men,Beige,Unknown,Pants,Solid,Bottomwear
410,1499,3999.0,62.0,4.5,2500.0,62.5,Men,Beige,Unknown,Pants,Solid,Bottomwear
411,1299,3299.0,60.0,4.5,2000.0,60.6,Men,Grey,Unknown,Pants,Solid,Bottomwear
412,1599,3999.0,60.0,4.5,2400.0,60.0,Men,Beige,Unknown,Pants,Printed,Bottomwear
413,1999,4899.0,59.0,4.5,2900.0,59.2,Men,Green,Unknown,Pants,Solid,Bottomwear
414,1199,2199.0,45.0,4.5,1000.0,45.5,Men,Grey,Oversized,Pants,Solid,Bottomwear
415,1049,2299.0,54.0,4.5,1250.0,54.4,Men,Black,Oversized,Pants,Solid,Bottomwear
416,1049,2299.0,54.0,4.5,1250.0,54.4,Men,Green,Oversized,Pants,Solid,Bottomwear
417,719,2899.0,75.0,4.5,2180.0,75.2,Men,Beige,Oversized,Pants,Solid,Bottomwear
418,949,2699.0,64.0,4.5,1750.0,64.8,Men,Grey,Oversized,Pants,Solid,Bottomwear
419,949,3149.0,69.0,4.5,2200.0,69.9,Men,Grey,Oversized,Pants,Solid,Bottomwear
420,859,3149.0,72.0,4.5,2290.0,72.7,Men,Green,Oversized,Pants,Solid,Bottomwear
421,719,2899.0,75.0,4.5,2180.0,75.2,Men,Blue,Oversized,Pants,Solid,Bottomwear
422,1299,2699.0,51.0,4.5,1400.0,51.9,Men,Black,Oversized,Pants,Solid,Bottomwear
423,1059,3149.0,66.0,4.5,2090.0,66.4,Men,Grey,Oversized,Pants,Solid,Bottomwear
424,1499,2999.0,50.0,4.5,1500.0,50.0,Men,Black,Baggy,Jeans,Solid,Bottomwear
425,1199,2999.0,60.0,4.5,1800.0,60.0,Men,Black,Baggy,Jeans,Solid,Bottomwear
426,1499,3899.0,61.0,4.5,2400.0,61.6,Men,Blue,Baggy,Jeans,Solid,Bottomwear
427,1699,2899.0,41.0,4.5,1200.0,41.4,Men,White,Baggy,Jeans,Solid,Bottomwear
428,1499,3799.0,60.0,4.5,2300.0,60.5,Men,Beige,Baggy,Jeans,Solid,Bottomwear
429,1499,3799.0,60.0,4.5,2300.0,60.5,Men,Black,Baggy,Jeans,Solid,Bottomwear
430,1699,3399.0,50.0,4.5,1700.0,50.0,Men,Brown,Baggy,Jeans,Solid,Bottomwear
431,1499,2999.0,50.0,4.5,1500.0,50.0,Men,Blue,Unknown,Jeans,Solid,Bottomwear
432,1699,2999.0,43.0,4.5,1300.0,43.3,Men,Black,Baggy,Jeans,Solid,Bottomwear
433,1599,3299.0,51.0,4.5,1700.0,51.5,Men,Blue,Baggy,Jeans,Solid,Bottomwear
434,1499,2999.0,50.0,4.5,1500.0,50.0,Men,Blue,Baggy,Jeans,Solid,Bottomwear
435,1499,2899.0,48.0,4.5,1400.0,48.3,Men,Blue,Baggy,Jeans,Solid,Bottomwear
436,1299,2999.0,56.0,4.5,1700.0,56.7,Men,Blue,Baggy,Jeans,Solid,Bottomwear
437,1599,3399.0,52.0,4.5,1800.0,53.0,Men,Beige,Baggy,Jeans,Solid,Bottomwear
438,1299,3299.0,60.0,4.5,2000.0,60.6,Men,Blue,Baggy,Jeans,Solid,Bottomwear
439,1199,3399.0,64.0,4.5,2200.0,64.7,Men,Blue,Baggy,Jeans,Solid,Bottomwear
440,1499,3399.0,55.0,4.5,1900.0,55.9,Men,Brown,Baggy,Jeans,Solid,Bottomwear
441,1499,3299.0,54.0,4.5,1800.0,54.6,Men,Blue,Baggy,Jeans,Solid,Bottomwear
442,1499,2999.0,50.0,4.5,1500.0,50.0,Men,Blue,Baggy,Jeans,Solid,Bottomwear
443,1499,2999.0,50.0,4.5,1500.0,50.0,Men,Black,Unknown,Jeans,Solid,Bottomwear
444,1299,2949.0,55.0,4.5,1650.0,56.0,Men,Grey,Oversized,Pants,Solid,Bottomwear
445,1199,2199.0,45.0,4.5,1000.0,45.5,Men,Black,Oversized,Pants,Solid,Bottomwear
446,1199,2199.0,45.0,4.5,1000.0,45.5,Men,White,Oversized,Pants,Solid,Bottomwear
447,1199,2199.0,45.0,4.5,1000.0,45.5,Men,Grey,Oversized,Pants,Solid,Bottomwear
448,1299,2699.0,51.0,4.5,1400.0,51.9,Men,Green,Oversized,Pants,Solid,Bottomwear
449,1299,2949.0,55.0,4.5,1650.0,56.0,Men,Brown,Oversized,Pants,Solid,Bottomwear
450,1299,2949.0,55.0,4.5,1650.0,56.0,Men,Black,Oversized,Pants,Solid,Bottomwear
451,1199,3149.0,61.0,4.5,1950.0,61.9,Men,Black,Oversized,Pants,Solid,Bottomwear
452,1299,2949.0,55.0,4.5,1650.0,56.0,Men,Beige,Oversized,Pants,Solid,Bottomwear
453,1199,2699.0,55.0,4.5,1500.0,55.6,Men,Unknown,Oversized,Pants,Solid,Bottomwear
454,1009,3149.0,67.0,4.5,2140.0,68.0,Men,Brown,Oversized,Pants,Solid,Bottomwear
455,779,2699.0,71.0,4.5,1920.0,71.1,Men,Blue,Oversized,Pants,Solid,Bottomwear
456,859,3149.0,72.0,4.5,2290.0,72.7,Men,Green,Oversized,Pants,Solid,Bottomwear
457,999,3149.0,68.0,4.5,2150.0,68.3,Men,Grey,Oversized,Pants,Solid,Bottomwear
458,1299,2699.0,51.0,4.5,1400.0,51.9,Men,Black,Oversized,Pants,Solid,Bottomwear
459,1199,2949.0,59.0,4.5,1750.0,59.3,Men,Grey,Oversized,Pants,Solid,Bottomwear
460,1329,2949.0,54.0,4.5,1620.0,54.9,Men,Black,Oversized,Pants,Solid,Bottomwear
461,1039,2949.0,64.0,4.5,1910.0,64.8,Men,Beige,Oversized,Pants,Solid,Bottomwear
462,1699,3999.0,57.0,4.4,2300.0,57.5,Men,Blue,Unknown,Jeans,Solid,Bottomwear
463,1499,3699.0,59.0,4.4,2200.0,59.5,Men,Black,Unknown,Jeans,Solid,Bottomwear
464,1499,3799.0,60.0,4.4,2300.0,60.5,Men,Green,Unknown,Jeans,Solid,Bottomwear
465,1499,3699.0,59.0,4.4,2200.0,59.5,Men,Black,Unknown,Jeans,Solid,Bottomwear
466,1499,3799.0,60.0,4.4,2300.0,60.5,Men,Blue,Unknown,Jeans,Solid,Bottomwear
467,1499,3599.0,58.0,4.4,2100.0,58.3,Men,Blue,Unknown,Jeans,Solid,Bottomwear
468,1499,3499.0,57.0,4.4,2000.0,57.2,Men,Black,Unknown,Jeans,Solid,Bottomwear
469,1499,3499.0,57.0,4.4,2000.0,57.2,Men,Black,Unknown,Jeans,Solid,Bottomwear
470,1499,3899.0,61.0,4.4,2400.0,61.6,Men,Blue,Unknown,Jeans,Solid,Bottomwear
471,1499,3999.0,62.0,4.4,2500.0,62.5,Men,Blue,Unknown,Jeans,Solid,Bottomwear
472,1499,2999.0,50.0,4.4,1500.0,50.0,Men,Blue,Unknown,Jeans,Solid,Bottomwear
473,1499,3699.0,59.0,4.4,2200.0,59.5,Men,Blue,Unknown,Jeans,Solid,Bottomwear
474,1699,2999.0,43.0,4.4,1300.0,43.3,Men,Beige,Unknown,Jeans,Solid,Bottomwear
475,1499,3799.0,60.0,4.4,2300.0,60.5,Men,Brown,Unknown,Jeans,Solid,Bottomwear
476,1499,3599.0,58.0,4.4,2100.0,58.3,Men,Black,Unknown,Jeans,Solid,Bottomwear
477,1499,3799.0,60.0,4.4,2300.0,60.5,Men,Blue,Unknown,Jeans,Solid,Bottomwear
478,1499,3299.0,54.0,4.4,1800.0,54.6,Men,Black,Unknown,Jeans,Printed,Bottomwear
479,1499,3599.0,58.0,4.4,2100.0,58.3,Men,Green,Unknown,Jeans,Solid,Bottomwear
480,1499,3699.0,59.0,4.4,2200.0,59.5,Men,Blue,Unknown,Jeans,Solid,Bottomwear
481,1499,2999.0,50.0,4.4,1500.0,50.0,Men,Black,Unknown,Jeans,Solid,Bottomwear
482,999,2349.0,57.0,4.5,1350.0,57.5,Men,Blue,Oversized,Co-Ordinates,Typography,Set
483,969,2999.0,67.0,4.5,2030.0,67.7,Men,Black,Oversized,Co-Ordinates,Graphic,Set
484,1259,4299.0,70.0,4.5,3040.0,70.7,Men,Black,Oversized,Co-Ordinates,Solid,Set
485,1109,3499.0,68.0,4.5,2390.0,68.3,Men,Black,Oversized,Co-Ordinates,Graphic,Set
486,399,799.0,50.0,4.7,400.0,50.1,Men,Black,Unknown,Vest,Solid,Topwear
487,399,799.0,50.0,4.7,400.0,50.1,Men,White,Unknown,Vest,Solid,Topwear
488,499,699.0,28.0,4.7,200.0,28.6,Men,Black,Oversized,Vest,Solid,Topwear
489,499,1099.0,54.0,4.7,600.0,54.6,Men,Grey,Oversized,Vest,Graphic,Topwear
490,449,1299.0,65.0,4.7,850.0,65.4,Men,Grey,Unknown,Vest,Graphic,Topwear
491,449,1299.0,65.0,4.7,850.0,65.4,Men,White,Unknown,Vest,Graphic,Topwear
492,449,999.0,55.0,4.7,550.0,55.1,Men,Black,Unknown,Vest,Graphic,Topwear
493,449,1199.0,62.0,4.7,750.0,62.6,Men,Blue,Unknown,Vest,Graphic,Topwear
494,399,749.0,46.0,4.7,350.0,46.7,Men,Navy,Unknown,Vest,Graphic,Topwear
495,449,999.0,55.0,4.7,550.0,55.1,Men,Black,Unknown,Vest,Graphic,Topwear
496,399,1199.0,66.0,4.7,800.0,66.7,Men,White,Unknown,Vest,Graphic,Topwear
497,449,1199.0,62.0,4.7,750.0,62.6,Men,White,Unknown,Vest,Graphic,Topwear
498,359,1049.0,65.0,4.7,690.0,65.8,Men,Red,Unknown,Vest,Graphic,Topwear
499,449,1299.0,65.0,4.7,850.0,65.4,Men,Blue,Unknown,Vest,Graphic,Topwear
500,499,1199.0,58.0,4.7,700.0,58.4,Men,Red,Oversized,Vest,Graphic,Topwear
501,449,899.0,50.0,4.7,450.0,50.1,Men,Red,Unknown,Vest,Typography,Topwear
502,449,699.0,35.0,4.7,250.0,35.8,Men,White,Oversized,Vest,Solid,Topwear
503,399,1249.0,68.0,4.7,850.0,68.1,Men,Purple,Unknown,Vest,Solid,Topwear
504,399,999.0,60.0,4.7,600.0,60.1,Men,Grey,Unknown,Vest,Solid,Topwear
505,499,1199.0,58.0,4.7,700.0,58.4,Men,Black,Oversized,Vest,Graphic,Topwear
506,399,699.0,42.0,4.3,300.0,42.9,Women,Orange,Boyfriend,T-Shirt,Solid,Topwear
507,399,999.0,60.0,4.3,600.0,60.1,Women,White,Boyfriend,T-Shirt,Solid,Topwear
508,449,1399.0,67.0,4.3,950.0,67.9,Women,Brown,Boyfriend,T-Shirt,Graphic,Topwear
509,599,1149.0,47.0,4.3,550.0,47.9,Women,White,Oversized,T-Shirt,Printed,Topwear
510,599,999.0,40.0,4.3,400.0,40.0,Women,Black,Oversized,T-Shirt,Printed,Topwear
511,599,1399.0,57.0,4.3,800.0,57.2,Women,Green,Oversized,T-Shirt,Graphic,Topwear
512,499,1099.0,54.0,4.3,600.0,54.6,Women,Red,Boyfriend,T-Shirt,Graphic,Topwear
513,449,1099.0,59.0,4.3,650.0,59.1,Women,White,Boyfriend,T-Shirt,Typography,Topwear
514,399,1299.0,69.0,4.3,900.0,69.3,Women,Red,Boyfriend,T-Shirt,Solid,Topwear
515,399,999.0,60.0,4.3,600.0,60.1,Women,Black,Boyfriend,T-Shirt,Solid,Topwear
516,599,1499.0,60.0,4.3,900.0,60.0,Women,Orange,Oversized,T-Shirt,Graphic,Topwear
517,699,1499.0,53.0,4.3,800.0,53.4,Women,Pink,Oversized,T-Shirt,Graphic,Topwear
518,599,1499.0,60.0,4.3,900.0,60.0,Women,Black,Oversized,T-Shirt,Graphic,Topwear
519,599,1599.0,62.0,4.3,1000.0,62.5,Women,Blue,Oversized,T-Shirt,Graphic,Topwear
520,599,1599.0,62.0,4.3,1000.0,62.5,Women,Unknown,Oversized,T-Shirt,Typography,Topwear
521,499,1299.0,61.0,4.3,800.0,61.6,Women,Orange,Boyfriend,T-Shirt,Graphic,Topwear
522,449,999.0,55.0,4.3,550.0,55.1,Women,Black,Boyfriend,T-Shirt,Graphic,Topwear
523,499,1299.0,61.0,4.3,800.0,61.6,Women,Orange,Boyfriend,T-Shirt,Graphic,Topwear
524,449,1099.0,59.0,4.3,650.0,59.1,Women,Red,Boyfriend,T-Shirt,Graphic,Topwear
525,649,1349.0,51.0,4.3,700.0,51.9,Women,Blue,Oversized,T-Shirt,Graphic,Topwear
526,899,2549.0,64.0,4.5,1650.0,64.7,Women,Green,Super Loose,Joggers,Solid,Bottomwear
527,899,2699.0,66.0,4.5,1800.0,66.7,Women,Purple,Oversized,Joggers,Solid,Bottomwear
528,999,2549.0,60.0,4.5,1550.0,60.8,Women,Brown,Super Loose,Joggers,Solid,Bottomwear
529,999,1949.0,48.0,4.5,950.0,48.7,Women,Brown,Unknown,Pants,Solid,Bottomwear
530,999,1649.0,39.0,4.5,650.0,39.4,Women,Black,Super Loose,Joggers,Solid,Bottomwear
531,999,1799.0,44.0,4.5,800.0,44.5,Women,Black,Super Loose,Joggers,Solid,Bottomwear
532,899,1599.0,43.0,4.5,700.0,43.8,Women,Black,Unknown,Pants,Solid,Bottomwear
533,1199,3099.0,61.0,4.5,1900.0,61.3,Women,Black,Unknown,Pants,Solid,Bottomwear
534,899,1799.0,50.0,4.5,900.0,50.0,Women,Unknown,Oversized,Joggers,Solid,Bottomwear
535,999,1599.0,37.0,4.5,600.0,37.5,Women,Black,Unknown,Pants,Solid,Bottomwear
536,899,1649.0,45.0,4.5,750.0,45.5,Women,Black,Oversized,Joggers,Solid,Bottomwear
537,1199,3099.0,61.0,4.5,1900.0,61.3,Women,Beige,Unknown,Pants,Solid,Bottomwear
538,599,1649.0,63.0,4.5,1050.0,63.7,Women,Green,Oversized,Joggers,Solid,Bottomwear
539,999,1599.0,37.0,4.5,600.0,37.5,Women,Black,Oversized,Joggers,Solid,Bottomwear
540,899,1749.0,48.0,4.5,850.0,48.6,Women,Grey,Oversized,Joggers,Solid,Bottomwear
541,899,1999.0,55.0,4.5,1100.0,55.0,Women,Purple,Unknown,Pants,Solid,Bottomwear
542,639,1749.0,63.0,4.5,1110.0,63.5,Women,White,Oversized,Joggers,Solid,Bottomwear
543,1199,3099.0,61.0,4.5,1900.0,61.3,Women,Maroon,Unknown,Pants,Solid,Bottomwear
544,649,1699.0,61.0,4.5,1050.0,61.8,Women,Black,Oversized,Joggers,Printed,Bottomwear
545,899,2049.0,56.0,4.5,1150.0,56.1,Women,Blue,Super Loose,Joggers,Solid,Bottomwear
546,1499,4399.0,65.0,4.4,2900.0,65.9,Women,Black,Unknown,Pants,Solid,Bottomwear
547,899,2549.0,64.0,4.4,1650.0,64.7,Women,Green,Super Loose,Joggers,Solid,Bottomwear
548,899,2699.0,66.0,4.4,1800.0,66.7,Women,Purple,Oversized,Joggers,Solid,Bottomwear
549,999,2549.0,60.0,4.4,1550.0,60.8,Women,Brown,Super Loose,Joggers,Solid,Bottomwear
550,999,1949.0,48.0,4.4,950.0,48.7,Women,Brown,Unknown,Pants,Solid,Bottomwear
551,999,1649.0,39.0,4.4,650.0,39.4,Women,Black,Super Loose,Joggers,Solid,Bottomwear
552,999,1799.0,44.0,4.4,800.0,44.5,Women,Black,Super Loose,Joggers,Solid,Bottomwear
553,899,1599.0,43.0,4.4,700.0,43.8,Women,Black,Unknown,Pants,Solid,Bottomwear
554,899,1799.0,50.0,4.4,900.0,50.0,Women,Unknown,Oversized,Joggers,Solid,Bottomwear
555,1199,2799.0,57.0,4.4,1600.0,57.2,Women,Blue,Unknown,Jeans,Solid,Bottomwear
556,999,1599.0,37.0,4.4,600.0,37.5,Women,Black,Unknown,Pants,Solid,Bottomwear
557,649,1499.0,56.0,4.4,850.0,56.7,Women,Grey,Unknown,Pyjamas,Printed,Loungewear
558,1499,2899.0,48.0,4.4,1400.0,48.3,Women,Blue,Baggy,Jeans,Solid,Bottomwear
559,699,1149.0,39.0,4.4,450.0,39.2,Women,Brown,Unknown,Pyjamas,Solid,Loungewear
560,599,1149.0,47.0,4.4,550.0,47.9,Women,Black,Unknown,Pyjamas,Solid,Loungewear
561,599,1399.0,57.0,4.4,800.0,57.2,Women,Grey,Unknown,Pyjamas,Printed,Loungewear
562,599,1199.0,50.0,4.4,600.0,50.0,Women,Blue,Unknown,Pyjamas,Solid,Loungewear
563,1199,3099.0,61.0,4.4,1900.0,61.3,Women,Black,Unknown,Pants,Solid,Bottomwear
564,899,1649.0,45.0,4.4,750.0,45.5,Women,Black,Oversized,Joggers,Solid,Bottomwear
565,1199,3099.0,61.0,4.4,1900.0,61.3,Women,Beige,Unknown,Pants,Solid,Bottomwear
566,999,1949.0,48.0,4.4,950.0,48.7,Women,Brown,Unknown,Pants,Solid,Bottomwear
567,899,1599.0,43.0,4.4,700.0,43.8,Women,Black,Unknown,Pants,Solid,Bottomwear
568,999,1599.0,37.0,4.4,600.0,37.5,Women,Black,Unknown,Pants,Solid,Bottomwear
569,1199,3099.0,61.0,4.4,1900.0,61.3,Women,Black,Unknown,Pants,Solid,Bottomwear
570,1199,3099.0,61.0,4.4,1900.0,61.3,Women,Beige,Unknown,Pants,Solid,Bottomwear
571,899,1999.0,55.0,4.4,1100.0,55.0,Women,Purple,Unknown,Pants,Solid,Bottomwear
572,1199,3099.0,61.0,4.4,1900.0,61.3,Women,Maroon,Unknown,Pants,Solid,Bottomwear
573,999,2299.0,56.0,4.4,1300.0,56.5,Women,Brown,Unknown,Pants,Solid,Bottomwear
574,1199,3199.0,62.0,4.4,2000.0,62.5,Women,Pink,Unknown,Pants,Solid,Bottomwear
575,999,1999.0,50.0,4.4,1000.0,50.0,Women,Green,Unknown,Pants,Solid,Bottomwear
576,679,1899.0,64.0,4.4,1220.0,64.2,Women,Blue,Unknown,Pants,Solid,Bottomwear
577,1199,3199.0,62.0,4.4,2000.0,62.5,Women,Green,Unknown,Pants,Solid,Bottomwear
578,1199,3199.0,62.0,4.4,2000.0,62.5,Women,Brown,Unknown,Pants,Solid,Bottomwear
579,899,2199.0,59.0,4.4,1300.0,59.1,Women,Brown,Unknown,Pants,Solid,Bottomwear
580,999,2899.0,65.0,4.4,1900.0,65.5,Women,Brown,Unknown,Pants,Solid,Bottomwear
581,849,2299.0,63.0,4.4,1450.0,63.1,Women,Green,Unknown,Pants,Solid,Bottomwear
582,1199,2599.0,53.0,4.4,1400.0,53.9,Women,Black,Super Loose,Pants,Typography,Bottomwear
583,799,2599.0,69.0,4.4,1800.0,69.3,Women,Black,Unknown,Pants,Solid,Bottomwear
584,669,2199.0,69.0,4.4,1530.0,69.6,Women,Green,Unknown,Pants,Solid,Bottomwear
585,799,2199.0,63.0,4.4,1400.0,63.7,Women,Green,Unknown,Pants,Solid,Bottomwear
586,1499,4399.0,65.0,4.4,2900.0,65.9,Women,Black,Unknown,Pants,Solid,Bottomwear
587,999,1599.0,37.0,4.4,600.0,37.5,Women,Black,Unknown,Pants,Solid,Bottomwear
588,1299,2599.0,50.0,4.4,1300.0,50.0,Women,Beige,Unknown,Pants,Solid,Bottomwear
589,999,2299.0,56.0,4.4,1300.0,56.5,Women,Brown,Unknown,Pants,Solid,Bottomwear
590,859,3899.0,77.0,4.4,3040.0,78.0,Women,Black,Oversized,Pants,Solid,Bottomwear
591,1299,2599.0,50.0,4.4,1300.0,50.0,Women,Black,Unknown,Pants,Solid,Bottomwear
592,1299,2499.0,48.0,4.4,1200.0,48.0,Women,Black,Oversized,Pants,Solid,Bottomwear
593,1199,2399.0,50.0,4.4,1200.0,50.0,Women,Black,Oversized,Pants,Solid,Bottomwear
594,829,2399.0,65.0,4.4,1570.0,65.4,Women,Green,Oversized,Pants,Solid,Bottomwear
595,1299,2699.0,51.0,4.4,1400.0,51.9,Women,Black,Unknown,Pants,Solid,Bottomwear
596,749,3899.0,80.0,4.4,3150.0,80.8,Women,Green,Oversized,Pants,Solid,Bottomwear
597,719,2299.0,68.0,4.4,1580.0,68.7,Women,White,Oversized,Pants,Solid,Bottomwear
598,809,2899.0,72.0,4.4,2090.0,72.1,Women,Black,Oversized,Pants,Solid,Bottomwear
599,1199,2399.0,50.0,4.4,1200.0,50.0,Women,Blue,Oversized,Pants,Solid,Bottomwear
600,749,2699.0,72.0,4.4,1950.0,72.2,Women,Pink,Unknown,Pants,Solid,Bottomwear
601,899,2699.0,66.0,4.4,1800.0,66.7,Women,Brown,Unknown,Pants,Solid,Bottomwear
602,719,2699.0,73.0,4.4,1980.0,73.4,Women,Blue,Unknown,Pants,Solid,Bottomwear
603,999,2549.0,60.0,4.4,1550.0,60.8,Women,Black,Oversized,Pants,Solid,Bottomwear
604,899,2699.0,66.0,4.4,1800.0,66.7,Women,Blue,Unknown,Pants,Solid,Bottomwear
605,999,1649.0,39.0,4.5,650.0,39.4,Women,Black,Super Loose,Joggers,Solid,Bottomwear
606,999,1599.0,37.0,4.5,600.0,37.5,Women,Black,Oversized,Joggers,Solid,Bottomwear
607,899,1999.0,55.0,4.5,1100.0,55.0,Women,Purple,Unknown,Pants,Solid,Bottomwear
608,1299,1949.0,33.0,4.5,650.0,33.4,Women,Grey,Super Loose,Joggers,Solid,Bottomwear
609,999,1999.0,50.0,4.5,1000.0,50.0,Women,Green,Unknown,Pants,Solid,Bottomwear
610,999,2899.0,65.0,4.5,1900.0,65.5,Women,Brown,Super Loose,Joggers,Solid,Bottomwear
611,999,2899.0,65.0,4.5,1900.0,65.5,Women,Black,Super Loose,Joggers,Solid,Bottomwear
612,999,1649.0,39.0,4.5,650.0,39.4,Women,Brown,Super Loose,Joggers,Solid,Bottomwear
613,699,3399.0,79.0,4.5,2700.0,79.4,Women,Brown,Super Loose,Joggers,Solid,Bottomwear
614,679,2899.0,76.0,4.5,2220.0,76.6,Women,Green,Super Loose,Joggers,Solid,Bottomwear
615,709,1599.0,55.0,4.5,890.0,55.7,Women,Green,Oversized,Joggers,Solid,Bottomwear
616,899,1599.0,43.0,4.5,700.0,43.8,Women,Beige,Unknown,Joggers,Solid,Bottomwear
617,729,2049.0,64.0,4.5,1320.0,64.4,Women,Green,Oversized,Joggers,Solid,Bottomwear
618,599,1599.0,62.0,4.5,1000.0,62.5,Women,Blue,Oversized,Joggers,Solid,Bottomwear
619,749,2049.0,63.0,4.5,1300.0,63.4,Women,Blue,Oversized,Joggers,Solid,Bottomwear
620,1299,2799.0,53.0,4.5,1500.0,53.6,Women,Brown,Super Loose,Joggers,Graphic,Bottomwear
621,999,1949.0,48.0,4.5,950.0,48.7,Women,Black,Super Loose,Joggers,Solid,Bottomwear
622,999,1949.0,48.0,4.5,950.0,48.7,Women,Brown,Super Loose,Joggers,Solid,Bottomwear
623,699,2049.0,65.0,4.5,1350.0,65.9,Women,Pink,Super Loose,Joggers,Solid,Bottomwear
624,899,2049.0,56.0,4.5,1150.0,56.1,Women,Beige,Oversized,Joggers,Solid,Bottomwear
625,1009,1949.0,48.0,4.5,940.0,48.2,Women,Black,Unknown,Hoodie,Solid,Outerwear
626,829,2999.0,72.0,4.5,2170.0,72.4,Women,Black,Oversized,Hoodie,Solid,Outerwear
627,1059,3499.0,69.0,4.5,2440.0,69.7,Women,Black,Oversized,Hoodie,Graphic,Outerwear
628,1159,3199.0,63.0,4.5,2040.0,63.8,Women,Brown,Oversized,Hoodie,Solid,Outerwear
629,919,3399.0,72.0,4.5,2480.0,73.0,Women,Black,Oversized,Hoodie,Graphic,Outerwear
630,1169,4099.0,71.0,4.5,2930.0,71.5,Women,Green,Oversized,Hoodie,Typography,Outerwear
631,799,2999.0,73.0,4.5,2200.0,73.4,Women,Yellow,Oversized,Hoodie,Solid,Outerwear
632,1049,3499.0,70.0,4.5,2450.0,70.0,Women,Black,Oversized,Hoodie,Graphic,Outerwear
633,1099,3599.0,69.0,4.5,2500.0,69.5,Women,Black,Oversized,Hoodie,Graphic,Outerwear
634,1099,3899.0,71.0,4.5,2800.0,71.8,Women,Purple,Oversized,Hoodie,Solid,Outerwear
635,929,3499.0,73.0,4.5,2570.0,73.4,Women,Beige,Oversized,Hoodie,Solid,Outerwear
636,1039,1649.0,36.0,4.5,610.0,37.0,Women,Pink,Oversized,Hoodie,Solid,Outerwear
637,889,2999.0,70.0,4.5,2110.0,70.4,Women,White,Oversized,Hoodie,Solid,Outerwear
638,1049,3499.0,70.0,4.5,2450.0,70.0,Women,Black,Oversized,Hoodie,Graphic,Outerwear
639,919,2999.0,69.0,4.5,2080.0,69.4,Women,Red,Oversized,Hoodie,Solid,Outerwear
640,909,1649.0,44.0,4.5,740.0,44.9,Women,Black,Oversized,Hoodie,Solid,Outerwear
641,879,2999.0,70.0,4.5,2120.0,70.7,Women,Purple,Oversized,Hoodie,Solid,Outerwear
642,1149,3999.0,71.0,4.5,2850.0,71.3,Women,Green,Oversized,Hoodie,Printed,Outerwear
643,1109,1499.0,26.0,4.5,390.0,26.0,Women,Black,Oversized,Hoodie,Graphic,Outerwear
644,949,3999.0,76.0,4.5,3050.0,76.3,Women,Black,Oversized,Hoodie,Printed,Outerwear
645,1499,2899.0,48.0,4.4,1400.0,48.3,Women,Blue,Baggy,Jeans,Solid,Bottomwear
646,1499,2899.0,48.0,4.4,1400.0,48.3,Women,Blue,Baggy,Jeans,Solid,Bottomwear
647,1299,3499.0,62.0,4.4,2200.0,62.9,Women,Blue,Unknown,Jeans,Solid,Bottomwear
648,1199,2799.0,57.0,4.4,1600.0,57.2,Women,Blue,Unknown,Jeans,Solid,Bottomwear
649,1199,2999.0,60.0,4.4,1800.0,60.0,Women,Black,Unknown,Jeans,Solid,Bottomwear
650,1199,1299.0,7.0,4.4,100.0,7.7,Women,Blue,Unknown,Jeans,Solid,Bottomwear
651,899,3299.0,72.0,4.4,2400.0,72.7,Women,Black,Unknown,Jeans,Solid,Bottomwear
652,1499,3599.0,58.0,4.4,2100.0,58.3,Women,Black,Unknown,Jeans,Solid,Bottomwear
653,1299,3599.0,63.0,4.4,2300.0,63.9,Women,Black,Unknown,Jeans,Solid,Bottomwear
654,1199,3999.0,70.0,4.4,2800.0,70.0,Women,Blue,Unknown,Jeans,Solid,Bottomwear
655,1499,2899.0,48.0,4.4,1400.0,48.3,Women,Black,Baggy,Jeans,Solid,Bottomwear
657,1499,3599.0,58.0,4.4,2100.0,58.3,Women,Black,Unknown,Jeans,Solid,Bottomwear
658,1499,2899.0,48.0,4.4,1400.0,48.3,Women,Blue,Unknown,Jeans,Solid,Bottomwear
659,1299,3599.0,63.0,4.4,2300.0,63.9,Women,Blue,Unknown,Jeans,Solid,Bottomwear
660,1199,2999.0,60.0,4.4,1800.0,60.0,Women,Blue,Unknown,Jeans,Solid,Bottomwear
661,1899,3399.0,44.0,4.4,1500.0,44.1,Women,Black,Unknown,Jeans,Solid,Bottomwear
662,1499,3799.0,60.0,4.4,2300.0,60.5,Women,Blue,Baggy,Jeans,Solid,Bottomwear
663,1299,2999.0,56.0,4.4,1700.0,56.7,Women,Blue,Baggy,Jeans,Solid,Bottomwear
664,399,699.0,42.0,4.3,300.0,42.9,Women,Orange,Boyfriend,T-Shirt,Solid,Topwear
665,399,999.0,60.0,4.3,600.0,60.1,Women,White,Boyfriend,T-Shirt,Solid,Topwear
666,449,1399.0,67.0,4.3,950.0,67.9,Women,Brown,Boyfriend,T-Shirt,Graphic,Topwear
667,599,1149.0,47.0,4.3,550.0,47.9,Women,White,Oversized,T-Shirt,Printed,Topwear
668,599,999.0,40.0,4.3,400.0,40.0,Women,Black,Oversized,T-Shirt,Printed,Topwear
669,599,1399.0,57.0,4.3,800.0,57.2,Women,Green,Oversized,T-Shirt,Graphic,Topwear
670,499,1099.0,54.0,4.3,600.0,54.6,Women,Red,Boyfriend,T-Shirt,Graphic,Topwear
671,449,1099.0,59.0,4.3,650.0,59.1,Women,White,Boyfriend,T-Shirt,Typography,Topwear
672,399,1299.0,69.0,4.3,900.0,69.3,Women,Red,Boyfriend,T-Shirt,Solid,Topwear
673,399,999.0,60.0,4.3,600.0,60.1,Women,Black,Boyfriend,T-Shirt,Solid,Topwear
674,599,1499.0,60.0,4.3,900.0,60.0,Women,Orange,Oversized,T-Shirt,Graphic,Topwear
675,699,1499.0,53.0,4.3,800.0,53.4,Women,Pink,Oversized,T-Shirt,Graphic,Topwear
676,599,1499.0,60.0,4.3,900.0,60.0,Women,Black,Oversized,T-Shirt,Graphic,Topwear
677,599,1599.0,62.0,4.3,1000.0,62.5,Women,Blue,Oversized,T-Shirt,Graphic,Topwear
678,599,1599.0,62.0,4.3,1000.0,62.5,Women,Unknown,Oversized,T-Shirt,Typography,Topwear
679,499,1299.0,61.0,4.3,800.0,61.6,Women,Orange,Boyfriend,T-Shirt,Graphic,Topwear
680,449,999.0,55.0,4.3,550.0,55.1,Women,Black,Boyfriend,T-Shirt,Graphic,Topwear
681,499,1299.0,61.0,4.3,800.0,61.6,Women,Orange,Boyfriend,T-Shirt,Graphic,Topwear
682,449,1099.0,59.0,4.3,650.0,59.1,Women,Red,Boyfriend,T-Shirt,Graphic,Topwear
683,649,1349.0,51.0,4.3,700.0,51.9,Women,Blue,Oversized,T-Shirt,Graphic,Topwear
684,1499,2799.0,46.0,4.4,1300.0,46.4,Women,Pink,Oversized,Shirt,Printed,Topwear
685,1199,2699.0,55.0,4.4,1500.0,55.6,Women,White,Oversized,Shirt,Printed,Topwear
686,499,1899.0,73.0,4.4,1400.0,73.7,Women,Black,Oversized,Shirt,Solid,Topwear
687,999,2199.0,54.0,4.4,1200.0,54.6,Women,Unknown,Oversized,Shirt,Printed,Topwear
688,1199,2599.0,53.0,4.4,1400.0,53.9,Women,Beige,Oversized,Shirt,Graphic,Topwear
689,1499,2799.0,46.0,4.4,1300.0,46.4,Women,Blue,Oversized,Shirt,Printed,Topwear
690,799,1799.0,55.0,4.4,1000.0,55.6,Women,Orange,Oversized,Shirt,Solid,Topwear
691,499,1699.0,70.0,4.4,1200.0,70.6,Women,Blue,Oversized,Shirt,Solid,Topwear
692,569,1599.0,64.0,4.4,1030.0,64.4,Women,Green,Oversized,Shirt,Printed,Topwear
693,719,1599.0,55.0,4.4,880.0,55.0,Women,Black,Oversized,Shirt,Solid,Topwear
694,549,1799.0,69.0,4.4,1250.0,69.5,Women,Green,Unknown,Shirt,Solid,Topwear
695,699,1499.0,53.0,4.4,800.0,53.4,Women,Black,Oversized,Shirt,Solid,Topwear
696,709,1599.0,55.0,4.4,890.0,55.7,Women,White,Oversized,Shirt,Typography,Topwear
697,449,1799.0,75.0,4.4,1350.0,75.0,Women,Black,Unknown,Shirt,Solid,Topwear
698,499,1699.0,70.0,4.4,1200.0,70.6,Women,Unknown,Oversized,Shirt,Printed,Topwear
699,499,1699.0,70.0,4.4,1200.0,70.6,Women,White,Oversized,Shirt,Printed,Topwear
700,499,1699.0,70.0,4.4,1200.0,70.6,Women,Black,Oversized,Shirt,Solid,Topwear
701,499,1699.0,70.0,4.4,1200.0,70.6,Women,Green,Oversized,Shirt,Solid,Topwear
702,399,1399.0,71.0,4.4,1000.0,71.5,Women,Black,Oversized,Shirt,Solid,Topwear
703,1089,3099.0,64.0,4.6,2010.0,64.9,Women,Beige,Unknown,Sweatshirt,Solid,Outerwear
704,1299,3099.0,58.0,4.6,1800.0,58.1,Women,Black,Unknown,Sweatshirt,Solid,Outerwear
705,869,2399.0,63.0,4.6,1530.0,63.8,Women,Pink,Oversized,Sweatshirt,Solid,Outerwear
706,809,2699.0,70.0,4.6,1890.0,70.0,Women,Red,Oversized,Sweatshirt,Solid,Outerwear
707,1089,3099.0,64.0,4.6,2010.0,64.9,Women,Green,Unknown,Sweatshirt,Solid,Outerwear
708,1089,3099.0,64.0,4.6,2010.0,64.9,Women,Maroon,Unknown,Sweatshirt,Solid,Outerwear
709,1279,4299.0,70.0,4.6,3020.0,70.2,Women,Green,Oversized,Sweatshirt,Graphic,Outerwear
710,799,2399.0,66.0,4.6,1600.0,66.7,Women,Black,Oversized,Sweatshirt,Solid,Outerwear
711,1019,3599.0,71.0,4.6,2580.0,71.7,Women,Black,Oversized,Sweatshirt,Typography,Outerwear
712,1779,3099.0,42.0,4.6,1320.0,42.6,Women,Unknown,Oversized,Sweatshirt,Printed,Outerwear
713,969,3299.0,70.0,4.6,2330.0,70.6,Women,Brown,Oversized,Sweatshirt,Solid,Outerwear
714,929,3599.0,74.0,4.6,2670.0,74.2,Women,Beige,Oversized,Sweatshirt,Graphic,Outerwear
715,829,2599.0,68.0,4.6,1770.0,68.1,Women,Green,Unknown,Sweatshirt,Graphic,Outerwear
716,969,2699.0,64.0,4.6,1730.0,64.1,Women,Beige,Oversized,Sweatshirt,Graphic,Outerwear
717,799,3399.0,76.0,4.6,2600.0,76.5,Women,Black,Oversized,Sweatshirt,Printed,Outerwear
718,1019,3799.0,73.0,4.6,2780.0,73.2,Women,Green,Oversized,Sweatshirt,Solid,Outerwear
719,859,2799.0,69.0,4.6,1940.0,69.3,Women,Unknown,Oversized,Sweatshirt,Solid,Outerwear
720,879,2649.0,66.0,4.6,1770.0,66.8,Women,White,Oversized,Sweatshirt,Solid,Outerwear
721,1009,3149.0,67.0,4.6,2140.0,68.0,Women,White,Oversized,Sweatshirt,Solid,Outerwear
722,869,2399.0,63.0,4.6,1530.0,63.8,Women,Green,Oversized,Sweatshirt,Solid,Outerwear
723,1219,4499.0,72.0,4.5,3280.0,72.9,Women,Black,Super Loose,Jacket,Solid,Outerwear
724,1799,5299.0,66.0,4.5,3500.0,66.1,Women,Black,Unknown,Jacket,Typography,Outerwear
725,1269,3999.0,68.0,4.5,2730.0,68.3,Women,Black,Oversized,Jacket,Printed,Outerwear
726,1409,5299.0,73.0,4.5,3890.0,73.4,Women,Blue,Oversized,Jacket,Solid,Outerwear
727,849,3099.0,72.0,4.5,2250.0,72.6,Women,Beige,Oversized,Jacket,Solid,Outerwear
728,1109,2499.0,55.0,4.5,1390.0,55.6,Women,Brown,Super Loose,Jacket,Typography,Outerwear
729,999,3199.0,68.0,4.5,2200.0,68.8,Women,White,Oversized,Jacket,Solid,Outerwear
730,929,2899.0,67.0,4.5,1970.0,68.0,Women,Purple,Oversized,Jacket,Solid,Outerwear
731,1499,4099.0,63.0,4.5,2600.0,63.4,Women,Black,Oversized,Jacket,Printed,Outerwear
732,799,1199.0,33.0,4.5,400.0,33.4,Women,White,Unknown,Jacket,Solid,Outerwear
733,1319,4799.0,72.0,4.5,3480.0,72.5,Women,White,Oversized,Jacket,Solid,Outerwear
734,899,3249.0,72.0,4.5,2350.0,72.3,Women,Black,Oversized,Jacket,Solid,Outerwear
735,989,3599.0,72.0,4.5,2610.0,72.5,Women,Blue,Oversized,Jacket,Solid,Outerwear
736,854,3249.0,73.0,4.5,2395.0,73.7,Women,Green,Oversized,Jacket,Solid,Outerwear
737,764,2499.0,69.0,4.5,1735.0,69.4,Women,Green,Oversized,Jacket,Solid,Outerwear
738,809,3799.0,78.0,4.5,2990.0,78.7,Women,Unknown,Oversized,Jacket,Solid,Outerwear
739,1319,2499.0,47.0,4.5,1180.0,47.2,Women,White,Super Loose,Jacket,Typography,Outerwear
740,929,2899.0,67.0,4.5,1970.0,68.0,Women,White,Oversized,Jacket,Solid,Outerwear
741,1139,4699.0,75.0,4.5,3560.0,75.8,Women,Black,Oversized,Jacket,Solid,Outerwear
742,917,2499.0,63.0,4.5,1582.0,63.3,Women,White,Oversized,Jacket,Graphic,Outerwear
743,869,3199.0,72.0,4.5,2330.0,72.8,Women,Black,Oversized,Sweater,Solid,Outerwear
744,949,3199.0,70.0,4.5,2250.0,70.3,Women,Black,Oversized,Sweater,Solid,Outerwear
745,739,2299.0,67.0,4.5,1560.0,67.9,Women,White,Oversized,Sweater,Solid,Outerwear
746,1089,3999.0,72.0,4.5,2910.0,72.8,Women,Black,Oversized,Sweater,Solid,Outerwear
747,709,1899.0,62.0,4.5,1190.0,62.7,Women,Black,Oversized,Sweater,Solid,Outerwear
748,739,2299.0,67.0,4.5,1560.0,67.9,Women,White,Oversized,Sweater,Solid,Outerwear
749,649,1899.0,65.0,4.5,1250.0,65.8,Women,Black,Oversized,Sweater,Solid,Outerwear
750,589,1899.0,68.0,4.5,1310.0,69.0,Women,Unknown,Oversized,Sweater,Solid,Outerwear
751,709,2499.0,71.0,4.5,1790.0,71.6,Women,Blue,Slim Fit,Sweater,Solid,Outerwear
752,869,2799.0,68.0,4.5,1930.0,69.0,Women,White,Oversized,Sweater,Typography,Outerwear
753,909,2749.0,66.0,4.5,1840.0,66.9,Women,Black,Oversized,Sweater,Printed,Outerwear
754,849,3099.0,72.0,4.5,2250.0,72.6,Women,Black,Oversized,Sweater,Solid,Outerwear
755,649,2499.0,74.0,4.5,1850.0,74.0,Women,Black,Oversized,Sweater,Solid,Outerwear
756,849,2599.0,67.0,4.5,1750.0,67.3,Women,Black,Oversized,Sweater,Solid,Outerwear
757,650,2199.0,70.0,4.5,1549.0,70.4,Women,Pink,Oversized,Sweater,Solid,Outerwear
758,889,2299.0,61.0,4.5,1410.0,61.3,Women,Pink,Super Loose,Sweater,Typography,Outerwear
759,1099,3299.0,66.0,4.5,2200.0,66.7,Women,Black,Oversized,Sweater,Solid,Outerwear
760,959,3099.0,69.0,4.5,2140.0,69.1,Women,Red,Oversized,Sweater,Printed,Outerwear
761,839,3099.0,72.0,4.5,2260.0,72.9,Women,Pink,Oversized,Sweater,Printed,Outerwear
762,476,1899.0,74.0,4.5,1423.0,74.9,Women,Unknown,Oversized,Sweater,Solid,Outerwear
763,549,1249.0,56.0,4.5,700.0,56.0,Women,White,Unknown,T-Shirt,Solid,Topwear
764,409,1249.0,67.0,4.5,840.0,67.3,Women,Blue,Unknown,T-Shirt,Solid,Topwear
765,409,1499.0,72.0,4.5,1090.0,72.7,Women,Black,Oversized,T-Shirt,Solid,Topwear
766,599,1149.0,47.0,4.6,550.0,47.9,Women,White,Oversized,T-Shirt,Printed,Topwear
767,599,999.0,40.0,4.6,400.0,40.0,Women,Black,Oversized,T-Shirt,Printed,Topwear
768,599,1399.0,57.0,4.6,800.0,57.2,Women,Green,Oversized,T-Shirt,Graphic,Topwear
769,699,1499.0,53.0,4.6,800.0,53.4,Women,Pink,Oversized,T-Shirt,Graphic,Topwear
770,599,1499.0,60.0,4.6,900.0,60.0,Women,Black,Oversized,T-Shirt,Graphic,Topwear
771,599,1599.0,62.0,4.6,1000.0,62.5,Women,Blue,Oversized,T-Shirt,Graphic,Topwear
772,599,1599.0,62.0,4.6,1000.0,62.5,Women,Unknown,Oversized,T-Shirt,Typography,Topwear
773,649,1349.0,51.0,4.6,700.0,51.9,Women,Blue,Oversized,T-Shirt,Graphic,Topwear
774,599,999.0,40.0,4.6,400.0,40.0,Women,Blue,Oversized,T-Shirt,Solid,Topwear
775,539,1699.0,68.0,4.6,1160.0,68.3,Women,Orange,Oversized,T-Shirt,Graphic,Topwear
776,599,899.0,33.0,4.6,300.0,33.4,Women,Purple,Oversized,T-Shirt,Solid,Topwear
777,699,1199.0,41.0,4.6,500.0,41.7,Women,Black,Oversized,T-Shirt,Printed,Topwear
778,599,1299.0,53.0,4.6,700.0,53.9,Women,Brown,Oversized,T-Shirt,Graphic,Topwear
779,599,1499.0,60.0,4.6,900.0,60.0,Women,Blue,Oversized,T-Shirt,Graphic,Topwear
780,599,1349.0,55.0,4.6,750.0,55.6,Women,Green,Oversized,T-Shirt,Graphic,Topwear
781,749,1299.0,42.0,4.6,550.0,42.3,Women,Green,Oversized,T-Shirt,Graphic,Topwear
782,599,1499.0,60.0,4.6,900.0,60.0,Women,Red,Oversized,T-Shirt,Graphic,Topwear
783,649,1099.0,40.0,4.6,450.0,40.9,Women,Red,Oversized,T-Shirt,Graphic,Topwear
784,599,1499.0,60.0,4.6,900.0,60.0,Women,Black,Oversized,T-Shirt,Graphic,Topwear
785,799,1699.0,52.0,4.6,900.0,53.0,Women,Pink,Oversized,T-Shirt,Graphic,Topwear
786,399,999.0,60.0,4.5,600.0,60.1,Women,Black,Unknown,T-Shirt,Graphic,Topwear
787,499,1099.0,54.0,4.5,600.0,54.6,Women,Black,Slim Fit,T-Shirt,Typography,Topwear
788,499,1099.0,54.0,4.5,600.0,54.6,Women,Black,Unknown,T-Shirt,Graphic,Topwear
789,399,799.0,50.0,4.5,400.0,50.1,Women,Pink,Unknown,T-Shirt,Solid,Topwear
790,499,999.0,50.0,4.5,500.0,50.1,Women,Pink,Unknown,T-Shirt,Graphic,Topwear
791,399,1099.0,63.0,4.5,700.0,63.7,Women,White,Slim Fit,T-Shirt,Graphic,Topwear
792,399,999.0,60.0,4.5,600.0,60.1,Women,Black,Slim Fit,T-Shirt,Solid,Topwear
793,499,1099.0,54.0,4.5,600.0,54.6,Women,Red,Slim Fit,T-Shirt,Graphic,Topwear
794,499,999.0,50.0,4.5,500.0,50.1,Women,Green,Unknown,T-Shirt,Graphic,Topwear
795,499,1099.0,54.0,4.5,600.0,54.6,Women,Purple,Unknown,T-Shirt,Graphic,Topwear
796,549,1249.0,56.0,4.5,700.0,56.0,Women,White,Unknown,T-Shirt,Solid,Topwear
797,399,699.0,42.0,4.5,300.0,42.9,Women,Unknown,Unknown,T-Shirt,Solid,Topwear
798,399,1099.0,63.0,4.5,700.0,63.7,Women,Black,Slim Fit,T-Shirt,Graphic,Topwear
799,399,449.0,11.0,4.5,50.0,11.1,Women,Blue,Slim Fit,T-Shirt,Solid,Topwear
800,399,999.0,60.0,4.5,600.0,60.1,Women,Red,Unknown,T-Shirt,Solid,Topwear
801,399,1099.0,63.0,4.5,700.0,63.7,Women,Black,Slim Fit,T-Shirt,Graphic,Topwear
802,399,999.0,60.0,4.5,600.0,60.1,Women,White,Slim Fit,T-Shirt,Solid,Topwear
803,399,599.0,33.0,4.5,200.0,33.4,Women,Green,Unknown,T-Shirt,Solid,Topwear
804,264,1499.0,82.0,4.5,1235.0,82.4,Women,Red,Unknown,T-Shirt,Typography,Topwear
805,409,1249.0,67.0,4.5,840.0,67.3,Women,Blue,Unknown,T-Shirt,Solid,Topwear
806,399,699.0,42.0,4.3,300.0,42.9,Women,Orange,Boyfriend,T-Shirt,Solid,Topwear
807,399,999.0,60.0,4.3,600.0,60.1,Women,White,Boyfriend,T-Shirt,Solid,Topwear
808,599,1149.0,47.0,4.3,550.0,47.9,Women,White,Oversized,T-Shirt,Printed,Topwear
809,599,999.0,40.0,4.3,400.0,40.0,Women,Black,Oversized,T-Shirt,Printed,Topwear
810,599,1399.0,57.0,4.3,800.0,57.2,Women,Green,Oversized,T-Shirt,Graphic,Topwear
811,499,1099.0,54.0,4.3,600.0,54.6,Women,Red,Boyfriend,T-Shirt,Graphic,Topwear
812,449,1099.0,59.0,4.3,650.0,59.1,Women,White,Boyfriend,T-Shirt,Typography,Topwear
813,449,1399.0,67.0,4.3,950.0,67.9,Women,Brown,Boyfriend,T-Shirt,Graphic,Topwear
814,399,1299.0,69.0,4.3,900.0,69.3,Women,Red,Boyfriend,T-Shirt,Solid,Topwear
815,399,999.0,60.0,4.3,600.0,60.1,Women,Black,Boyfriend,T-Shirt,Solid,Topwear
816,599,1499.0,60.0,4.3,900.0,60.0,Women,Orange,Oversized,T-Shirt,Graphic,Topwear
817,699,1499.0,53.0,4.3,800.0,53.4,Women,Pink,Oversized,T-Shirt,Graphic,Topwear
818,599,1499.0,60.0,4.3,900.0,60.0,Women,Black,Oversized,T-Shirt,Graphic,Topwear
819,599,1599.0,62.0,4.3,1000.0,62.5,Women,Blue,Oversized,T-Shirt,Graphic,Topwear
820,599,1599.0,62.0,4.3,1000.0,62.5,Women,Unknown,Oversized,T-Shirt,Typography,Topwear
821,499,1299.0,61.0,4.3,800.0,61.6,Women,Orange,Boyfriend,T-Shirt,Graphic,Topwear
822,449,999.0,55.0,4.3,550.0,55.1,Women,Black,Boyfriend,T-Shirt,Graphic,Topwear
823,499,1299.0,61.0,4.3,800.0,61.6,Women,Orange,Boyfriend,T-Shirt,Graphic,Topwear
824,449,1099.0,59.0,4.3,650.0,59.1,Women,Red,Boyfriend,T-Shirt,Graphic,Topwear
825,649,1349.0,51.0,4.3,700.0,51.9,Women,Blue,Oversized,T-Shirt,Graphic,Topwear
826,649,1499.0,56.0,4.4,850.0,56.7,Women,Grey,Unknown,Pyjamas,Printed,Loungewear
827,699,1149.0,39.0,4.4,450.0,39.2,Women,Brown,Unknown,Pyjamas,Solid,Loungewear
828,599,1149.0,47.0,4.4,550.0,47.9,Women,Black,Unknown,Pyjamas,Solid,Loungewear
829,599,1399.0,57.0,4.4,800.0,57.2,Women,Grey,Unknown,Pyjamas,Printed,Loungewear
830,599,1199.0,50.0,4.4,600.0,50.0,Women,Blue,Unknown,Pyjamas,Solid,Loungewear
831,699,1299.0,46.0,4.4,600.0,46.2,Women,Black,Unknown,Pyjamas,Solid,Loungewear
832,699,1499.0,53.0,4.4,800.0,53.4,Women,Black,Unknown,Pyjamas,Printed,Loungewear
833,499,1149.0,56.0,4.4,650.0,56.6,Women,Blue,Unknown,Pyjamas,Solid,Loungewear
834,599,1499.0,60.0,4.4,900.0,60.0,Women,Blue,Unknown,Pyjamas,Printed,Loungewear
835,599,1399.0,57.0,4.4,800.0,57.2,Women,Black,Unknown,Pyjamas,Printed,Loungewear
836,409,1549.0,73.0,4.4,1140.0,73.6,Women,White,Oversized,Pyjamas,Printed,Loungewear
837,599,1249.0,52.0,4.4,650.0,52.0,Women,White,Unknown,Pyjamas,Printed,Loungewear
838,799,2299.0,65.0,4.4,1500.0,65.2,Women,Blue,Unknown,Pyjamas,Printed,Loungewear
839,699,2299.0,69.0,4.4,1600.0,69.6,Women,Blue,Unknown,Pyjamas,Printed,Loungewear
840,449,1549.0,71.0,4.4,1100.0,71.0,Women,White,Oversized,Pyjamas,Printed,Loungewear
841,799,1299.0,38.0,4.4,500.0,38.5,Women,Blue,Unknown,Pyjamas,Printed,Loungewear
842,799,1799.0,55.0,4.4,1000.0,55.6,Women,Purple,Unknown,Pyjamas,Printed,Loungewear
843,699,1799.0,61.0,4.4,1100.0,61.1,Women,White,Unknown,Pyjamas,Printed,Loungewear
844,599,1799.0,66.0,4.4,1200.0,66.7,Women,Grey,Unknown,Pyjamas,Printed,Loungewear
845,799,1499.0,46.0,4.4,700.0,46.7,Women,Purple,Unknown,Pyjamas,Printed,Loungewear
846,549,1799.0,69.0,4.5,1250.0,69.5,Women,Black,Oversized,Shorts,Solid,Bottomwear
848,629,2099.0,70.0,4.5,1470.0,70.0,Women,Blue,Oversized,Shorts,Solid,Bottomwear
849,599,1299.0,53.0,4.5,700.0,53.9,Women,Black,Unknown,Shorts,Solid,Bottomwear
852,579,999.0,42.0,4.5,420.0,42.0,Women,Black,Unknown,Shorts,Printed,Bottomwear
853,449,1799.0,75.0,4.5,1350.0,75.0,Women,Purple,Unknown,Shorts,Solid,Bottomwear
854,499,1799.0,72.0,4.5,1300.0,72.3,Women,Grey,Oversized,Shorts,Solid,Bottomwear
855,499,1799.0,72.0,4.5,1300.0,72.3,Women,Brown,Unknown,Shorts,Solid,Bottomwear
856,629,999.0,37.0,4.5,370.0,37.0,Women,White,Unknown,Shorts,Printed,Bottomwear
858,399,1499.0,73.0,4.5,1100.0,73.4,Women,Purple,Unknown,Shorts,Solid,Bottomwear
859,499,1799.0,72.0,4.5,1300.0,72.3,Women,Pink,Unknown,Shorts,Solid,Bottomwear
860,549,1799.0,69.0,4.5,1250.0,69.5,Women,Brown,Unknown,Shorts,Solid,Bottomwear
861,629,2099.0,70.0,4.5,1470.0,70.0,Women,Green,Oversized,Shorts,Solid,Bottomwear
862,399,1599.0,75.0,4.5,1200.0,75.0,Women,Blue,Unknown,Shorts,Solid,Bottomwear
863,499,2099.0,76.0,4.5,1600.0,76.2,Women,Black,Unknown,Shorts,Solid,Bottomwear
864,589,2299.0,74.0,4.5,1710.0,74.4,Women,Brown,Unknown,Shorts,Solid,Bottomwear
866,399,699.0,42.0,4.4,300.0,42.9,Women,Grey,Unknown,Shorts,Solid,Bottomwear
867,399,699.0,42.0,4.4,300.0,42.9,Women,Black,Unknown,Shorts,Solid,Bottomwear
868,349,699.0,50.0,4.4,350.0,50.1,Women,Blue,Unknown,Shorts,Solid,Bottomwear
869,809,3199.0,74.0,4.5,2390.0,74.7,Women,Pink,Oversized,Co-Ordinates,Solid,Set
871,899,3199.0,71.0,4.5,2300.0,71.9,Women,Blue,Oversized,Co-Ordinates,Solid,Set
872,899,3199.0,71.0,4.5,2300.0,71.9,Women,Black,Oversized,Co-Ordinates,Solid,Set
873,799,2499.0,68.0,4.5,1700.0,68.0,Women,Unknown,Unknown,Co-Ordinates,Printed,Set
874,799,3199.0,75.0,4.5,2400.0,75.0,Women,Green,Oversized,Co-Ordinates,Solid,Set
875,699,2499.0,72.0,4.5,1800.0,72.0,Women,Black,Unknown,Co-Ordinates,Printed,Set
876,699,2499.0,72.0,4.5,1800.0,72.0,Women,Black,Unknown,Co-Ordinates,Printed,Set
877,1059,3449.0,69.0,4.5,2390.0,69.3,Women,Black,Unknown,Co-Ordinates,Typography,Set
878,899,3199.0,71.0,4.5,2300.0,71.9,Women,Black,Oversized,Co-Ordinates,Graphic,Set
879,1009,2999.0,66.0,4.5,1990.0,66.4,Women,Black,Super Loose,Co-Ordinates,Solid,Set
880,979,2999.0,67.0,4.5,2020.0,67.4,Women,Orange,Super Loose,Co-Ordinates,Solid,Set
881,949,2999.0,68.0,4.5,2050.0,68.4,Women,Purple,Super Loose,Co-Ordinates,Solid,Set
882,1019,2999.0,66.0,4.5,1980.0,66.0,Women,Green,Super Loose,Co-Ordinates,Solid,Set
883,1059,3349.0,68.0,4.5,2290.0,68.4,Women,Green,Unknown,Co-Ordinates,Graphic,Set
884,949,3349.0,71.0,4.5,2400.0,71.7,Women,Blue,Unknown,Co-Ordinates,Graphic,Set
885,1019,2999.0,66.0,4.5,1980.0,66.0,Women,Unknown,Super Loose,Co-Ordinates,Solid,Set
886,949,3349.0,71.0,4.5,2400.0,71.7,Women,Black,Unknown,Co-Ordinates,Graphic,Set
887,999,3199.0,68.0,4.4,2200.0,68.8,Women,White,Oversized,Jacket,Solid,Outerwear
888,929,2899.0,67.0,4.4,1970.0,68.0,Women,Purple,Oversized,Jacket,Solid,Outerwear
889,989,3599.0,72.0,4.4,2610.0,72.5,Women,Blue,Oversized,Jacket,Solid,Outerwear
890,929,2899.0,67.0,4.4,1970.0,68.0,Women,White,Oversized,Jacket,Solid,Outerwear
891,799,2699.0,70.0,4.4,1900.0,70.4,Women,Green,Unknown,Jacket,Solid,Outerwear
892,959,3599.0,73.0,4.4,2640.0,73.4,Women,Unknown,Oversized,Jacket,Solid,Outerwear
893,799,3199.0,75.0,4.4,2400.0,75.0,Women,White,Oversized,Jacket,Typography,Outerwear
894,799,2099.0,61.0,4.4,1300.0,61.9,Women,Black,Unknown,Jacket,Solid,Outerwear
895,1499,2899.0,48.0,4.4,1400.0,48.3,Women,Blue,Baggy,Jeans,Solid,Bottomwear
896,1499,2899.0,48.0,4.4,1400.0,48.3,Women,Blue,Baggy,Jeans,Solid,Bottomwear
897,1499,2899.0,48.0,4.4,1400.0,48.3,Women,Black,Baggy,Jeans,Solid,Bottomwear
898,1499,2899.0,48.0,4.4,1400.0,48.3,Women,Blue,Unknown,Jeans,Solid,Bottomwear
899,1899,3399.0,44.0,4.4,1500.0,44.1,Women,Black,Unknown,Jeans,Solid,Bottomwear
900,1299,2999.0,56.0,4.4,1700.0,56.7,Women,Blue,Baggy,Jeans,Solid,Bottomwear
901,1499,2899.0,48.0,4.4,1400.0,48.3,Women,Blue,Baggy,Jeans,Solid,Bottomwear
902,1499,2599.0,42.0,4.4,1100.0,42.3,Women,Black,Baggy,Jeans,Solid,Bottomwear
903,1049,2899.0,63.0,4.4,1850.0,63.8,Women,Blue,Baggy,Jeans,Solid,Bottomwear
904,1199,2899.0,58.0,4.4,1700.0,58.6,Women,Beige,Baggy,Jeans,Solid,Bottomwear
905,929,2899.0,67.0,4.4,1970.0,68.0,Women,White,Baggy,Jeans,Solid,Bottomwear
906,999,3199.0,68.0,4.4,2200.0,68.8,Women,Black,Unknown,Jeans,Solid,Bottomwear
907,1089,3399.0,67.0,4.4,2310.0,68.0,Women,Blue,Unknown,Jeans,Solid,Bottomwear
908,1699,3199.0,46.0,4.4,1500.0,46.9,Women,Brown,Unknown,Jeans,Solid,Bottomwear
909,999,2599.0,61.0,4.4,1600.0,61.6,Women,Blue,Baggy,Jeans,Solid,Bottomwear
910,1599,2899.0,44.0,4.4,1300.0,44.8,Women,Brown,Baggy,Jeans,Solid,Bottomwear
911,799,2999.0,73.0,4.4,2200.0,73.4,Women,White,Baggy,Jeans,Solid,Bottomwear
912,899,2899.0,68.0,4.4,2000.0,69.0,Women,Blue,Baggy,Jeans,Solid,Bottomwear
913,799,2999.0,73.0,4.4,2200.0,73.4,Women,Blue,Baggy,Jeans,Solid,Bottomwear
914,1299,2499.0,48.0,4.4,1200.0,48.0,Women,Black,Oversized,Pants,Solid,Bottomwear
915,1199,2399.0,50.0,4.4,1200.0,50.0,Women,Black,Oversized,Pants,Solid,Bottomwear
916,829,2399.0,65.0,4.4,1570.0,65.4,Women,Green,Oversized,Pants,Solid,Bottomwear
917,719,2299.0,68.0,4.4,1580.0,68.7,Women,White,Oversized,Pants,Solid,Bottomwear
918,1199,2399.0,50.0,4.4,1200.0,50.0,Women,Blue,Oversized,Pants,Solid,Bottomwear
919,999,2549.0,60.0,4.4,1550.0,60.8,Women,Black,Oversized,Pants,Solid,Bottomwear
920,879,2249.0,60.0,4.4,1370.0,60.9,Women,Grey,Baggy,Pants,Solid,Bottomwear
921,949,2749.0,65.0,4.4,1800.0,65.5,Women,Blue,Oversized,Pants,Solid,Bottomwear
922,869,2399.0,63.0,4.4,1530.0,63.8,Women,Purple,Oversized,Pants,Solid,Bottomwear
923,869,2149.0,59.0,4.4,1280.0,59.6,Women,Pink,Oversized,Pants,Solid,Bottomwear
924,829,2449.0,66.0,4.4,1620.0,66.1,Women,Green,Oversized,Pants,Printed,Bottomwear
925,879,2399.0,63.0,4.4,1520.0,63.4,Women,Blue,Oversized,Pants,Solid,Bottomwear
926,829,2399.0,65.0,4.4,1570.0,65.4,Women,Orange,Oversized,Pants,Solid,Bottomwear
927,1199,2749.0,56.0,4.4,1550.0,56.4,Women,Green,Oversized,Pants,Solid,Bottomwear
928,739,2649.0,72.0,4.4,1910.0,72.1,Women,Green,Oversized,Pants,Printed,Bottomwear
929,869,2249.0,61.0,4.4,1380.0,61.4,Women,Black,Baggy,Pants,Solid,Bottomwear
930,809,2399.0,66.0,4.4,1590.0,66.3,Women,Black,Oversized,Pants,Solid,Bottomwear
931,789,2749.0,71.0,4.4,1960.0,71.3,Women,Unknown,Oversized,Pants,Solid,Bottomwear
932,1199,1299.0,7.0,4.4,100.0,7.7,Women,Blue,Unknown,Jeans,Solid,Bottomwear
933,1499,3599.0,58.0,4.4,2100.0,58.3,Women,Black,Unknown,Jeans,Solid,Bottomwear
934,1299,3599.0,63.0,4.4,2300.0,63.9,Women,Black,Unknown,Jeans,Solid,Bottomwear
935,1499,2899.0,48.0,4.4,1400.0,48.3,Women,Black,Baggy,Jeans,Solid,Bottomwear
937,1499,3599.0,58.0,4.4,2100.0,58.3,Women,Black,Unknown,Jeans,Solid,Bottomwear
938,1499,2899.0,48.0,4.4,1400.0,48.3,Women,Blue,Unknown,Jeans,Solid,Bottomwear
939,1899,3399.0,44.0,4.4,1500.0,44.1,Women,Black,Unknown,Jeans,Solid,Bottomwear
940,1499,3799.0,60.0,4.4,2300.0,60.5,Women,Blue,Baggy,Jeans,Solid,Bottomwear
941,1299,2999.0,56.0,4.4,1700.0,56.7,Women,Blue,Baggy,Jeans,Solid,Bottomwear
942,1499,2899.0,48.0,4.4,1400.0,48.3,Women,Blue,Baggy,Jeans,Solid,Bottomwear
943,1399,3699.0,62.0,4.4,2300.0,62.2,Women,Blue,Unknown,Jeans,Solid,Bottomwear
944,1499,3799.0,60.0,4.4,2300.0,60.5,Women,Blue,Baggy,Jeans,Solid,Bottomwear
945,1299,3999.0,67.0,4.4,2700.0,67.5,Women,Grey,Unknown,Jeans,Solid,Bottomwear
946,1299,3999.0,67.0,4.4,2700.0,67.5,Women,Blue,Unknown,Jeans,Solid,Bottomwear
947,1049,2899.0,63.0,4.4,1850.0,63.8,Women,Blue,Baggy,Jeans,Solid,Bottomwear
948,1299,3999.0,67.0,4.4,2700.0,67.5,Women,Black,Unknown,Jeans,Solid,Bottomwear
949,1499,3999.0,62.0,4.4,2500.0,62.5,Women,Blue,Unknown,Jeans,Solid,Bottomwear
950,1399,3999.0,65.0,4.4,2600.0,65.0,Women,Blue,Unknown,Jeans,Solid,Bottomwear
951,1349,3999.0,66.0,4.4,2650.0,66.3,Women,Blue,Unknown,Jeans,Solid,Bottomwear
