Category URL,Title,Selling Price,MRP,Discount,Rating
https://www.bewakoof.com/top-wear-for-women,Women's Orange Boyfriend T-shirt,₹399,₹699,42% OFF,4.3
https://www.bewakoof.com/top-wear-for-women,Women's White Boyfriend T-shirt,₹399,₹999,60% OFF,4.3
https://www.bewakoof.com/top-wear-for-women,Women's Ginger Root Brown Pocket Shine Graphic Printed Boyfriend T-shirt,₹449,"₹1,399",67% OFF,4.3
https://www.bewakoof.com/top-wear-for-women,Women's Pink & White Camo Printed Oversized T-shirt,₹599,"₹1,149",47% OFF,4.3
https://www.bewakoof.com/top-wear-for-women,Women's Black & White All Over Printed Oversized T-shirt,₹599,₹999,40% OFF,4.3
https://www.bewakoof.com/top-wear-for-women,Women's Green Lavender Feels Graphic Printed Oversized T-shirt,₹599,"₹1,399",57% OFF,4.3
https://www.bewakoof.com/top-wear-for-women,Women's Red Pocket Jerry Graphic Printed Boyfriend T-shirt,₹499,"₹1,099",54% OFF,4.3
https://www.bewakoof.com/top-wear-for-women,Women's White Minimal Believe Typography Boyfriend T-shirt,₹449,"₹1,099",59% OFF,4.3
https://www.bewakoof.com/top-wear-for-women,Women's Brick Red Boyfriend T-shirt,₹399,"₹1,299",69% OFF,4.3
https://www.bewakoof.com/top-wear-for-women,Women's Black Boyfriend T-shirt,₹399,₹999,60% OFF,4.3
https://www.bewakoof.com/top-wear-for-women,Women's Orange Queen Bee Graphic Printed Oversized T-shirt,₹599,"₹1,499",60% OFF,4.3
https://www.bewakoof.com/top-wear-for-women,Women's Pink No Worries Graphic Printed Oversized T-shirt,₹699,"₹1,499",53% OFF,4.3
https://www.bewakoof.com/top-wear-for-women,Women's Black Patch Minion Graphic Printed Oversized T-shirt,₹599,"₹1,499",60% OFF,4.3
https://www.bewakoof.com/top-wear-for-women,Women's Azure Blue Cool Enough Graphic Printed Oversized T-shirt,₹599,"₹1,599",62% OFF,4.3
https://www.bewakoof.com/top-wear-for-women,Women's Lilac Bloom Grooving Typography Oversized T-shirt,₹599,"₹1,599",62% OFF,4.3
https://www.bewakoof.com/top-wear-for-women,Women's Orange Fresh As A Daisy Graphic Printed Boyfriend T-shirt,₹499,"₹1,299",61% OFF,4.3
https://www.bewakoof.com/top-wear-for-women,Women's Black Money Don't Jiggle Graphic Printed Boyfriend T-shirt,₹449,₹999,55% OFF,4.3
https://www.bewakoof.com/top-wear-for-women,Women's Orange Skool Graphic Printed Boyfriend T-shirt,₹499,"₹1,299",61% OFF,4.3
https://www.bewakoof.com/top-wear-for-women,Women's Red Bonjour Paris Graphic Printed Boyfriend T-shirt,₹449,"₹1,099",59% OFF,4.3
https://www.bewakoof.com/top-wear-for-women,Women's Blue Lazy Garfield Graphic Printed Oversized T-shirt,₹649,"₹1,349",51% OFF,4.3
https://www.bewakoof.com/women-joggers-sweatpants?manufacturer_brand=bewakoof%C2%AE_bewakoof__air%C2%AE__1.0_bewakoof__heavy__duty%C2%AE__1.0,Women's Green Super Loose Fit Joggers,₹899,"₹2,549",64% OFF,4.5
https://www.bewakoof.com/women-joggers-sweatpants?manufacturer_brand=bewakoof%C2%AE_bewakoof__air%C2%AE__1.0_bewakoof__heavy__duty%C2%AE__1.0,Women's Purple Oversized Joggers,₹899,"₹2,699",66% OFF,4.5
https://www.bewakoof.com/women-joggers-sweatpants?manufacturer_brand=bewakoof%C2%AE_bewakoof__air%C2%AE__1.0_bewakoof__heavy__duty%C2%AE__1.0,Women's Chocolate Brown Super Loose Fit Joggers,₹999,"₹2,549",60% OFF,4.5
https://www.bewakoof.com/women-joggers-sweatpants?manufacturer_brand=bewakoof%C2%AE_bewakoof__air%C2%AE__1.0_bewakoof__heavy__duty%C2%AE__1.0,Women's Brown Trackpants,₹999,"₹1,949",48% OFF,4.5
https://www.bewakoof.com/women-joggers-sweatpants?manufacturer_brand=bewakoof%C2%AE_bewakoof__air%C2%AE__1.0_bewakoof__heavy__duty%C2%AE__1.0,Women's Black Super Loose Fit Cargo Joggers,₹999,"₹1,649",39% OFF,4.5
https://www.bewakoof.com/women-joggers-sweatpants?manufacturer_brand=bewakoof%C2%AE_bewakoof__air%C2%AE__1.0_bewakoof__heavy__duty%C2%AE__1.0,Women's Black Super Loose Fit Joggers,₹999,"₹1,799",44% OFF,4.5
https://www.bewakoof.com/women-joggers-sweatpants?manufacturer_brand=bewakoof%C2%AE_bewakoof__air%C2%AE__1.0_bewakoof__heavy__duty%C2%AE__1.0,Women's Black Relaxed Fit Track Pants,₹899,"₹1,599",43% OFF,4.5
https://www.bewakoof.com/women-joggers-sweatpants?manufacturer_brand=bewakoof%C2%AE_bewakoof__air%C2%AE__1.0_bewakoof__heavy__duty%C2%AE__1.0,Women's Jet Black Wide Leg Track Pants,"₹1,199","₹3,099",61% OFF,4.5
https://www.bewakoof.com/women-joggers-sweatpants?manufacturer_brand=bewakoof%C2%AE_bewakoof__air%C2%AE__1.0_bewakoof__heavy__duty%C2%AE__1.0,Women's Gardenia Oversized Joggers,₹899,"₹1,799",50% OFF,4.5
https://www.bewakoof.com/women-joggers-sweatpants?manufacturer_brand=bewakoof%C2%AE_bewakoof__air%C2%AE__1.0_bewakoof__heavy__duty%C2%AE__1.0,Women's Black Flared Cargo Track Pants,₹999,"₹1,599",37% OFF,4.5
https://www.bewakoof.com/women-joggers-sweatpants?manufacturer_brand=bewakoof%C2%AE_bewakoof__air%C2%AE__1.0_bewakoof__heavy__duty%C2%AE__1.0,Women's Black Oversized Joggers,₹899,"₹1,649",45% OFF,4.5
https://www.bewakoof.com/women-joggers-sweatpants?manufacturer_brand=bewakoof%C2%AE_bewakoof__air%C2%AE__1.0_bewakoof__heavy__duty%C2%AE__1.0,Women's Beige Wide Leg Track Pants,"₹1,199","₹3,099",61% OFF,4.5
https://www.bewakoof.com/women-joggers-sweatpants?manufacturer_brand=bewakoof%C2%AE_bewakoof__air%C2%AE__1.0_bewakoof__heavy__duty%C2%AE__1.0,Women's Green Oversized Joggers,₹599,"₹1,649",63% OFF,4.5
https://www.bewakoof.com/women-joggers-sweatpants?manufacturer_brand=bewakoof%C2%AE_bewakoof__air%C2%AE__1.0_bewakoof__heavy__duty%C2%AE__1.0,Women's Black Oversized Cargo Joggers,₹999,"₹1,599",37% OFF,4.5
https://www.bewakoof.com/women-joggers-sweatpants?manufacturer_brand=bewakoof%C2%AE_bewakoof__air%C2%AE__1.0_bewakoof__heavy__duty%C2%AE__1.0,Women's Grey Oversized Joggers,₹899,"₹1,749",48% OFF,4.5
https://www.bewakoof.com/women-joggers-sweatpants?manufacturer_brand=bewakoof%C2%AE_bewakoof__air%C2%AE__1.0_bewakoof__heavy__duty%C2%AE__1.0,Women's Purple Cargo Trackpants,₹899,"₹1,999",55% OFF,4.5
https://www.bewakoof.com/women-joggers-sweatpants?manufacturer_brand=bewakoof%C2%AE_bewakoof__air%C2%AE__1.0_bewakoof__heavy__duty%C2%AE__1.0,Women's White Swan Oversized Joggers,₹639,"₹1,749",63% OFF,4.5
https://www.bewakoof.com/women-joggers-sweatpants?manufacturer_brand=bewakoof%C2%AE_bewakoof__air%C2%AE__1.0_bewakoof__heavy__duty%C2%AE__1.0,Women's Tawny Port Maroon Wide Leg Track Pants,"₹1,199","₹3,099",61% OFF,4.5
https://www.bewakoof.com/women-joggers-sweatpants?manufacturer_brand=bewakoof%C2%AE_bewakoof__air%C2%AE__1.0_bewakoof__heavy__duty%C2%AE__1.0,Women's Black All Over Printed Oversized Joggers,₹649,"₹1,699",61% OFF,4.5
https://www.bewakoof.com/women-joggers-sweatpants?manufacturer_brand=bewakoof%C2%AE_bewakoof__air%C2%AE__1.0_bewakoof__heavy__duty%C2%AE__1.0,Women's Blue Super Loose Fit Joggers,₹899,"₹2,049",56% OFF,4.5
https://www.bewakoof.com/bottom-wear-for-women?manufacturer_brand=bewakoof%C2%AE_bewakoof__air%C2%AE__1.0_bewakoof__heavy__duty%C2%AE__1.0,Women Black Cargo Carpenter Pants,"₹1,499","₹4,399",65% OFF,4.4
https://www.bewakoof.com/bottom-wear-for-women?manufacturer_brand=bewakoof%C2%AE_bewakoof__air%C2%AE__1.0_bewakoof__heavy__duty%C2%AE__1.0,Women's Green Super Loose Fit Joggers,₹899,"₹2,549",64% OFF,4.4
https://www.bewakoof.com/bottom-wear-for-women?manufacturer_brand=bewakoof%C2%AE_bewakoof__air%C2%AE__1.0_bewakoof__heavy__duty%C2%AE__1.0,Women's Purple Oversized Joggers,₹899,"₹2,699",66% OFF,4.4
https://www.bewakoof.com/bottom-wear-for-women?manufacturer_brand=bewakoof%C2%AE_bewakoof__air%C2%AE__1.0_bewakoof__heavy__duty%C2%AE__1.0,Women's Chocolate Brown Super Loose Fit Joggers,₹999,"₹2,549",60% OFF,4.4
https://www.bewakoof.com/bottom-wear-for-women?manufacturer_brand=bewakoof%C2%AE_bewakoof__air%C2%AE__1.0_bewakoof__heavy__duty%C2%AE__1.0,Women's Brown Trackpants,₹999,"₹1,949",48% OFF,4.4
https://www.bewakoof.com/bottom-wear-for-women?manufacturer_brand=bewakoof%C2%AE_bewakoof__air%C2%AE__1.0_bewakoof__heavy__duty%C2%AE__1.0,Women's Black Super Loose Fit Cargo Joggers,₹999,"₹1,649",39% OFF,4.4
https://www.bewakoof.com/bottom-wear-for-women?manufacturer_brand=bewakoof%C2%AE_bewakoof__air%C2%AE__1.0_bewakoof__heavy__duty%C2%AE__1.0,Women's Black Super Loose Fit Joggers,₹999,"₹1,799",44% OFF,4.4
https://www.bewakoof.com/bottom-wear-for-women?manufacturer_brand=bewakoof%C2%AE_bewakoof__air%C2%AE__1.0_bewakoof__heavy__duty%C2%AE__1.0,Women's Black Relaxed Fit Track Pants,₹899,"₹1,599",43% OFF,4.4
https://www.bewakoof.com/bottom-wear-for-women?manufacturer_brand=bewakoof%C2%AE_bewakoof__air%C2%AE__1.0_bewakoof__heavy__duty%C2%AE__1.0,Women's Gardenia Oversized Joggers,₹899,"₹1,799",50% OFF,4.4
https://www.bewakoof.com/bottom-wear-for-women?manufacturer_brand=bewakoof%C2%AE_bewakoof__air%C2%AE__1.0_bewakoof__heavy__duty%C2%AE__1.0,Women's Light Blue Ankle Length Jeans,"₹1,199","₹2,799",57% OFF,4.4
https://www.bewakoof.com/bottom-wear-for-women?manufacturer_brand=bewakoof%C2%AE_bewakoof__air%C2%AE__1.0_bewakoof__heavy__duty%C2%AE__1.0,Women's Black Flared Cargo Track Pants,₹999,"₹1,599",37% OFF,4.4
https://www.bewakoof.com/bottom-wear-for-women?manufacturer_brand=bewakoof%C2%AE_bewakoof__air%C2%AE__1.0_bewakoof__heavy__duty%C2%AE__1.0,Women's Grey Mickey All Over Printed Wide Leg Pyjamas,₹649,"₹1,499",56% OFF,4.4
https://www.bewakoof.com/bottom-wear-for-women?manufacturer_brand=bewakoof%C2%AE_bewakoof__air%C2%AE__1.0_bewakoof__heavy__duty%C2%AE__1.0,Women's Blue Washed Baggy Wide Leg Korean Jeans,"₹1,499","₹2,899",48% OFF,4.4
https://www.bewakoof.com/bottom-wear-for-women?manufacturer_brand=bewakoof%C2%AE_bewakoof__air%C2%AE__1.0_bewakoof__heavy__duty%C2%AE__1.0,Women's Brown Pyjamas,₹699,"₹1,149",39% OFF,4.4
https://www.bewakoof.com/bottom-wear-for-women?manufacturer_brand=bewakoof%C2%AE_bewakoof__air%C2%AE__1.0_bewakoof__heavy__duty%C2%AE__1.0,Women's Black Pyjamas,₹599,"₹1,149",47% OFF,4.4
https://www.bewakoof.com/bottom-wear-for-women?manufacturer_brand=bewakoof%C2%AE_bewakoof__air%C2%AE__1.0_bewakoof__heavy__duty%C2%AE__1.0,Women's Grey All Over Printed Wide Leg Pyjamas,₹599,"₹1,399",57% OFF,4.4
https://www.bewakoof.com/bottom-wear-for-women?manufacturer_brand=bewakoof%C2%AE_bewakoof__air%C2%AE__1.0_bewakoof__heavy__duty%C2%AE__1.0,Women's Blue Pyjamas,₹599,"₹1,199",50% OFF,4.4
https://www.bewakoof.com/bottom-wear-for-women?manufacturer_brand=bewakoof%C2%AE_bewakoof__air%C2%AE__1.0_bewakoof__heavy__duty%C2%AE__1.0,Women's Jet Black Wide Leg Track Pants,"₹1,199","₹3,099",61% OFF,4.4
https://www.bewakoof.com/bottom-wear-for-women?manufacturer_brand=bewakoof%C2%AE_bewakoof__air%C2%AE__1.0_bewakoof__heavy__duty%C2%AE__1.0,Women's Black Oversized Joggers,₹899,"₹1,649",45% OFF,4.4
https://www.bewakoof.com/bottom-wear-for-women?manufacturer_brand=bewakoof%C2%AE_bewakoof__air%C2%AE__1.0_bewakoof__heavy__duty%C2%AE__1.0,Women's Beige Wide Leg Track Pants,"₹1,199","₹3,099",61% OFF,4.4
https://www.bewakoof.com/track-pants-for-women?manufacturer_brand=bewakoof%C2%AE_bewakoof__air%C2%AE__1.0_bewakoof__heavy__duty%C2%AE__1.0,Women's Brown Trackpants,₹999,"₹1,949",48% OFF,4.4
https://www.bewakoof.com/track-pants-for-women?manufacturer_brand=bewakoof%C2%AE_bewakoof__air%C2%AE__1.0_bewakoof__heavy__duty%C2%AE__1.0,Women's Black Relaxed Fit Track Pants,₹899,"₹1,599",43% OFF,4.4
https://www.bewakoof.com/track-pants-for-women?manufacturer_brand=bewakoof%C2%AE_bewakoof__air%C2%AE__1.0_bewakoof__heavy__duty%C2%AE__1.0,Women's Black Flared Cargo Track Pants,₹999,"₹1,599",37% OFF,4.4
https://www.bewakoof.com/track-pants-for-women?manufacturer_brand=bewakoof%C2%AE_bewakoof__air%C2%AE__1.0_bewakoof__heavy__duty%C2%AE__1.0,Women's Jet Black Wide Leg Track Pants,"₹1,199","₹3,099",61% OFF,4.4
https://www.bewakoof.com/track-pants-for-women?manufacturer_brand=bewakoof%C2%AE_bewakoof__air%C2%AE__1.0_bewakoof__heavy__duty%C2%AE__1.0,Women's Beige Wide Leg Track Pants,"₹1,199","₹3,099",61% OFF,4.4
https://www.bewakoof.com/track-pants-for-women?manufacturer_brand=bewakoof%C2%AE_bewakoof__air%C2%AE__1.0_bewakoof__heavy__duty%C2%AE__1.0,Women's Purple Cargo Trackpants,₹899,"₹1,999",55% OFF,4.4
https://www.bewakoof.com/track-pants-for-women?manufacturer_brand=bewakoof%C2%AE_bewakoof__air%C2%AE__1.0_bewakoof__heavy__duty%C2%AE__1.0,Women's Tawny Port Maroon Wide Leg Track Pants,"₹1,199","₹3,099",61% OFF,4.4
https://www.bewakoof.com/track-pants-for-women?manufacturer_brand=bewakoof%C2%AE_bewakoof__air%C2%AE__1.0_bewakoof__heavy__duty%C2%AE__1.0,Women's Camel Brown Wide Leg Track Pants,₹999,"₹2,299",56% OFF,4.4
https://www.bewakoof.com/track-pants-for-women?manufacturer_brand=bewakoof%C2%AE_bewakoof__air%C2%AE__1.0_bewakoof__heavy__duty%C2%AE__1.0,Women's Pastel Pink Wide Leg Track Pants,"₹1,199","₹3,199",62% OFF,4.4
https://www.bewakoof.com/track-pants-for-women?manufacturer_brand=bewakoof%C2%AE_bewakoof__air%C2%AE__1.0_bewakoof__heavy__duty%C2%AE__1.0,Women's Green Cargo Trackpants,₹999,"₹1,999",50% OFF,4.4
https://www.bewakoof.com/track-pants-for-women?manufacturer_brand=bewakoof%C2%AE_bewakoof__air%C2%AE__1.0_bewakoof__heavy__duty%C2%AE__1.0,Women's Blue Trackpants,₹679,"₹1,899",64% OFF,4.4
https://www.bewakoof.com/track-pants-for-women?manufacturer_brand=bewakoof%C2%AE_bewakoof__air%C2%AE__1.0_bewakoof__heavy__duty%C2%AE__1.0,Women's Dark Olive Green Wide Leg Track Pants,"₹1,199","₹3,199",62% OFF,4.4
https://www.bewakoof.com/track-pants-for-women?manufacturer_brand=bewakoof%C2%AE_bewakoof__air%C2%AE__1.0_bewakoof__heavy__duty%C2%AE__1.0,Women's Ginger Root Brown Wide Leg Track Pants,"₹1,199","₹3,199",62% OFF,4.4
https://www.bewakoof.com/track-pants-for-women?manufacturer_brand=bewakoof%C2%AE_bewakoof__air%C2%AE__1.0_bewakoof__heavy__duty%C2%AE__1.0,Women's Camel Brown Wide Leg Track Pants,₹899,"₹2,199",59% OFF,4.4
https://www.bewakoof.com/track-pants-for-women?manufacturer_brand=bewakoof%C2%AE_bewakoof__air%C2%AE__1.0_bewakoof__heavy__duty%C2%AE__1.0,Women's Chocolate Brown Track Pants,₹999,"₹2,899",65% OFF,4.4
https://www.bewakoof.com/track-pants-for-women?manufacturer_brand=bewakoof%C2%AE_bewakoof__air%C2%AE__1.0_bewakoof__heavy__duty%C2%AE__1.0,Women's Green Straight Fit Flared Track Pants,₹849,"₹2,299",63% OFF,4.4
https://www.bewakoof.com/track-pants-for-women?manufacturer_brand=bewakoof%C2%AE_bewakoof__air%C2%AE__1.0_bewakoof__heavy__duty%C2%AE__1.0,Women's Black Typography Super Loose Fit Track Pants,"₹1,199","₹2,599",53% OFF,4.4
https://www.bewakoof.com/track-pants-for-women?manufacturer_brand=bewakoof%C2%AE_bewakoof__air%C2%AE__1.0_bewakoof__heavy__duty%C2%AE__1.0,Women's Camel Brown & Black Color Block Wide Leg Track Pants,₹799,"₹2,599",69% OFF,4.4
https://www.bewakoof.com/track-pants-for-women?manufacturer_brand=bewakoof%C2%AE_bewakoof__air%C2%AE__1.0_bewakoof__heavy__duty%C2%AE__1.0,Women's Fog Green Straight Fit Track Pants,₹669,"₹2,199",69% OFF,4.4
https://www.bewakoof.com/track-pants-for-women?manufacturer_brand=bewakoof%C2%AE_bewakoof__air%C2%AE__1.0_bewakoof__heavy__duty%C2%AE__1.0,Women's Dark Sea Green Wide Leg Track Pants,₹799,"₹2,199",63% OFF,4.4
https://www.bewakoof.com/women-pants?manufacturer_brand=bewakoof%C2%AE_bewakoof__air%C2%AE__1.0_bewakoof__heavy__duty%C2%AE__1.0,Women Black Cargo Carpenter Pants,"₹1,499","₹4,399",65% OFF,4.4
https://www.bewakoof.com/women-pants?manufacturer_brand=bewakoof%C2%AE_bewakoof__air%C2%AE__1.0_bewakoof__heavy__duty%C2%AE__1.0,Women's Black Flared Cargo Track Pants,₹999,"₹1,599",37% OFF,4.4
https://www.bewakoof.com/women-pants?manufacturer_brand=bewakoof%C2%AE_bewakoof__air%C2%AE__1.0_bewakoof__heavy__duty%C2%AE__1.0,Women's Beige Tapered Fit Ankle Length Korean Pants,"₹1,299","₹2,599",50% OFF,4.4
https://www.bewakoof.com/women-pants?manufacturer_brand=bewakoof%C2%AE_bewakoof__air%C2%AE__1.0_bewakoof__heavy__duty%C2%AE__1.0,Women's Camel Brown Wide Leg Track Pants,₹999,"₹2,299",56% OFF,4.4
https://www.bewakoof.com/women-pants?manufacturer_brand=bewakoof%C2%AE_bewakoof__air%C2%AE__1.0_bewakoof__heavy__duty%C2%AE__1.0,Women's Black Oversized Korean Pants,₹859,"₹3,899",77% OFF,4.4
https://www.bewakoof.com/women-pants?manufacturer_brand=bewakoof%C2%AE_bewakoof__air%C2%AE__1.0_bewakoof__heavy__duty%C2%AE__1.0,Women's Jet Black Tapered Fit Ankle Length Korean Pants,"₹1,299","₹2,599",50% OFF,4.4
https://www.bewakoof.com/women-pants?manufacturer_brand=bewakoof%C2%AE_bewakoof__air%C2%AE__1.0_bewakoof__heavy__duty%C2%AE__1.0,Women's Black Baggy Oversized Cargo Parachute Pants,"₹1,299","₹2,499",48% OFF,4.4
https://www.bewakoof.com/women-pants?manufacturer_brand=bewakoof%C2%AE_bewakoof__air%C2%AE__1.0_bewakoof__heavy__duty%C2%AE__1.0,Women's Black Baggy Oversized Cargo Parachute Pants,"₹1,199","₹2,399",50% OFF,4.4
https://www.bewakoof.com/women-pants?manufacturer_brand=bewakoof%C2%AE_bewakoof__air%C2%AE__1.0_bewakoof__heavy__duty%C2%AE__1.0,Women's Green Baggy Oversized Parachute Pants,₹829,"₹2,399",65% OFF,4.4
https://www.bewakoof.com/women-pants?manufacturer_brand=bewakoof%C2%AE_bewakoof__air%C2%AE__1.0_bewakoof__heavy__duty%C2%AE__1.0,Women's Black Straight Cargo Pants,"₹1,299","₹2,699",51% OFF,4.4
https://www.bewakoof.com/women-pants?manufacturer_brand=bewakoof%C2%AE_bewakoof__air%C2%AE__1.0_bewakoof__heavy__duty%C2%AE__1.0,Women's Olive Green Oversized Korean Pants,₹749,"₹3,899",80% OFF,4.4
https://www.bewakoof.com/women-pants?manufacturer_brand=bewakoof%C2%AE_bewakoof__air%C2%AE__1.0_bewakoof__heavy__duty%C2%AE__1.0,Women's Off White Baggy Oversized Parachute Pants,₹719,"₹2,299",68% OFF,4.4
https://www.bewakoof.com/women-pants?manufacturer_brand=bewakoof%C2%AE_bewakoof__air%C2%AE__1.0_bewakoof__heavy__duty%C2%AE__1.0,Women's Black Baggy Oversized Cargo Carpenter Pants,₹809,"₹2,899",72% OFF,4.4
https://www.bewakoof.com/women-pants?manufacturer_brand=bewakoof%C2%AE_bewakoof__air%C2%AE__1.0_bewakoof__heavy__duty%C2%AE__1.0,Women's Blue Baggy Oversized Cargo Parachute Pants,"₹1,199","₹2,399",50% OFF,4.4
https://www.bewakoof.com/women-pants?manufacturer_brand=bewakoof%C2%AE_bewakoof__air%C2%AE__1.0_bewakoof__heavy__duty%C2%AE__1.0,Women's Pink Cargo Pants,₹749,"₹2,699",72% OFF,4.4
https://www.bewakoof.com/women-pants?manufacturer_brand=bewakoof%C2%AE_bewakoof__air%C2%AE__1.0_bewakoof__heavy__duty%C2%AE__1.0,Women's Brown Straight Cargo Pants,₹899,"₹2,699",66% OFF,4.4
https://www.bewakoof.com/women-pants?manufacturer_brand=bewakoof%C2%AE_bewakoof__air%C2%AE__1.0_bewakoof__heavy__duty%C2%AE__1.0,Women's Light Blue Flared Cotton Linen Pants,₹719,"₹2,699",73% OFF,4.4
https://www.bewakoof.com/women-pants?manufacturer_brand=bewakoof%C2%AE_bewakoof__air%C2%AE__1.0_bewakoof__heavy__duty%C2%AE__1.0,Women's Black Baggy Oversized Cargo Pants,₹999,"₹2,549",60% OFF,4.4
https://www.bewakoof.com/women-pants?manufacturer_brand=bewakoof%C2%AE_bewakoof__air%C2%AE__1.0_bewakoof__heavy__duty%C2%AE__1.0,Women's Blue Straight Cargo Pants,₹899,"₹2,699",66% OFF,4.4
https://www.bewakoof.com/cargo-joggers-for-women?manufacturer_brand=bewakoof%C2%AE_bewakoof__air%C2%AE__1.0_bewakoof__heavy__duty%C2%AE__1.0,Women's Black Super Loose Fit Cargo Joggers,₹999,"₹1,649",39% OFF,4.5
https://www.bewakoof.com/cargo-joggers-for-women?manufacturer_brand=bewakoof%C2%AE_bewakoof__air%C2%AE__1.0_bewakoof__heavy__duty%C2%AE__1.0,Women's Black Oversized Cargo Joggers,₹999,"₹1,599",37% OFF,4.5
https://www.bewakoof.com/cargo-joggers-for-women?manufacturer_brand=bewakoof%C2%AE_bewakoof__air%C2%AE__1.0_bewakoof__heavy__duty%C2%AE__1.0,Women's Purple Cargo Trackpants,₹899,"₹1,999",55% OFF,4.5
https://www.bewakoof.com/cargo-joggers-for-women?manufacturer_brand=bewakoof%C2%AE_bewakoof__air%C2%AE__1.0_bewakoof__heavy__duty%C2%AE__1.0,Women's Grey Super Loose Fit Brushed Cargo Joggers,"₹1,299","₹1,949",33% OFF,4.5
https://www.bewakoof.com/cargo-joggers-for-women?manufacturer_brand=bewakoof%C2%AE_bewakoof__air%C2%AE__1.0_bewakoof__heavy__duty%C2%AE__1.0,Women's Green Cargo Trackpants,₹999,"₹1,999",50% OFF,4.5
https://www.bewakoof.com/cargo-joggers-for-women?manufacturer_brand=bewakoof%C2%AE_bewakoof__air%C2%AE__1.0_bewakoof__heavy__duty%C2%AE__1.0,Women's Camel Brown Super Loose Fit Cargo Joggers,₹999,"₹2,899",65% OFF,4.5
https://www.bewakoof.com/cargo-joggers-for-women?manufacturer_brand=bewakoof%C2%AE_bewakoof__air%C2%AE__1.0_bewakoof__heavy__duty%C2%AE__1.0,Women's Black Super Loose Fit Cargo Joggers,₹999,"₹2,899",65% OFF,4.5
https://www.bewakoof.com/cargo-joggers-for-women?manufacturer_brand=bewakoof%C2%AE_bewakoof__air%C2%AE__1.0_bewakoof__heavy__duty%C2%AE__1.0,Women's Brown Super Loose Fit Cargo Joggers,₹999,"₹1,649",39% OFF,4.5
https://www.bewakoof.com/cargo-joggers-for-women?manufacturer_brand=bewakoof%C2%AE_bewakoof__air%C2%AE__1.0_bewakoof__heavy__duty%C2%AE__1.0,Women's Camel Brown Super Loose Fit Brushed Cargo Joggers,₹699,"₹3,399",79% OFF,4.5
https://www.bewakoof.com/cargo-joggers-for-women?manufacturer_brand=bewakoof%C2%AE_bewakoof__air%C2%AE__1.0_bewakoof__heavy__duty%C2%AE__1.0,Women's Fog Green Super Loose Fit Cargo Joggers,₹679,"₹2,899",76% OFF,4.5
https://www.bewakoof.com/cargo-joggers-for-women?manufacturer_brand=bewakoof%C2%AE_bewakoof__air%C2%AE__1.0_bewakoof__heavy__duty%C2%AE__1.0,Women's Green Oversized Cargo Joggers,₹709,"₹1,599",55% OFF,4.5
https://www.bewakoof.com/cargo-joggers-for-women?manufacturer_brand=bewakoof%C2%AE_bewakoof__air%C2%AE__1.0_bewakoof__heavy__duty%C2%AE__1.0,Women's Beige Oversize Cargo Joggers,₹899,"₹1,599",43% OFF,4.5
https://www.bewakoof.com/cargo-joggers-for-women?manufacturer_brand=bewakoof%C2%AE_bewakoof__air%C2%AE__1.0_bewakoof__heavy__duty%C2%AE__1.0,Women's Green Oversized Cargo Joggers,₹729,"₹2,049",64% OFF,4.5
https://www.bewakoof.com/cargo-joggers-for-women?manufacturer_brand=bewakoof%C2%AE_bewakoof__air%C2%AE__1.0_bewakoof__heavy__duty%C2%AE__1.0,Women's Blue Oversized Cargo Joggers,₹599,"₹1,599",62% OFF,4.5
https://www.bewakoof.com/cargo-joggers-for-women?manufacturer_brand=bewakoof%C2%AE_bewakoof__air%C2%AE__1.0_bewakoof__heavy__duty%C2%AE__1.0,Women's Skipper Blue Oversized Cargo Joggers,₹749,"₹2,049",63% OFF,4.5
https://www.bewakoof.com/cargo-joggers-for-women?manufacturer_brand=bewakoof%C2%AE_bewakoof__air%C2%AE__1.0_bewakoof__heavy__duty%C2%AE__1.0,Women's Camel Brown Graphic Printed Super Loose Fit Brushed Cargo Joggers,"₹1,299","₹2,799",53% OFF,4.5
https://www.bewakoof.com/cargo-joggers-for-women?manufacturer_brand=bewakoof%C2%AE_bewakoof__air%C2%AE__1.0_bewakoof__heavy__duty%C2%AE__1.0,Women's Black Super Loose Fit Cargo Joggers,₹999,"₹1,949",48% OFF,4.5
https://www.bewakoof.com/cargo-joggers-for-women?manufacturer_brand=bewakoof%C2%AE_bewakoof__air%C2%AE__1.0_bewakoof__heavy__duty%C2%AE__1.0,Women's Brown Super Loose Fit Brushed Cargo Joggers,₹999,"₹1,949",48% OFF,4.5
https://www.bewakoof.com/cargo-joggers-for-women?manufacturer_brand=bewakoof%C2%AE_bewakoof__air%C2%AE__1.0_bewakoof__heavy__duty%C2%AE__1.0,Women's Pink Super Loose Fit Cargo Joggers,₹699,"₹2,049",65% OFF,4.5
https://www.bewakoof.com/cargo-joggers-for-women?manufacturer_brand=bewakoof%C2%AE_bewakoof__air%C2%AE__1.0_bewakoof__heavy__duty%C2%AE__1.0,Women's Beige Oversized Cargo Joggers,₹899,"₹2,049",56% OFF,4.5
https://www.bewakoof.com/womens-hoodies,Women's Black Zipper Hoodies,"₹1,009","₹1,949",48% OFF,4.5
https://www.bewakoof.com/womens-hoodies,Women's Black Oversized Cropped Hoodies,₹829,"₹2,999",72% OFF,4.5
https://www.bewakoof.com/womens-hoodies,Women's Black Mickey Graphic Printed Oversized Hoodies,"₹1,059","₹3,499",69% OFF,4.5
https://www.bewakoof.com/womens-hoodies,Women's Brown Oversized Hoodies,"₹1,159","₹3,199",63% OFF,4.5
https://www.bewakoof.com/womens-hoodies,Women's Black Cosmic Culture Graphic Printed Oversized Crop Hoodies,₹919,"₹3,399",72% OFF,4.5
https://www.bewakoof.com/womens-hoodies,Women's Green Typography Oversized Hoodies,"₹1,169","₹4,099",71% OFF,4.5
https://www.bewakoof.com/womens-hoodies,Women's Yellow Oversized Crop Hoodies,₹799,"₹2,999",73% OFF,4.5
https://www.bewakoof.com/womens-hoodies,Women's Black Graphic Printed Oversized Crop Hoodies Black,"₹1,049","₹3,499",70% OFF,4.5
https://www.bewakoof.com/womens-hoodies,Women's Jet Black Sorry Graphic Printed Oversized Hoodies,"₹1,099","₹3,599",69% OFF,4.5
https://www.bewakoof.com/womens-hoodies,Women's Purple Applique Oversized Hoodies,"₹1,099","₹3,899",71% OFF,4.5
https://www.bewakoof.com/womens-hoodies,Women's Peach Cobbler & Beige Color Block Oversized Hoodies,₹929,"₹3,499",73% OFF,4.5
https://www.bewakoof.com/womens-hoodies,Women's Pink Oversized Hoodies,"₹1,039","₹1,649",36% OFF,4.5
https://www.bewakoof.com/womens-hoodies,Women's Bright White Oversized Crop Hoodies,₹889,"₹2,999",70% OFF,4.5
https://www.bewakoof.com/womens-hoodies,Women's Black Graphic Printed Oversized Crop Hoodies,"₹1,049","₹3,499",70% OFF,4.5
https://www.bewakoof.com/womens-hoodies,Women's Salsa Red Oversized Crop Hoodies,₹919,"₹2,999",69% OFF,4.5
https://www.bewakoof.com/womens-hoodies,Women's Black Oversized Hoodies,₹909,"₹1,649",44% OFF,4.5
https://www.bewakoof.com/womens-hoodies,Women's Paisley Purple Oversized Crop Hoodies,₹879,"₹2,999",70% OFF,4.5
https://www.bewakoof.com/womens-hoodies,Women's Green All Over Printed Oversized Hoodies,"₹1,149","₹3,999",71% OFF,4.5
https://www.bewakoof.com/womens-hoodies,Women's Black Graphic Printed Oversized Hoodies,"₹1,109","₹1,499",26% OFF,4.5
https://www.bewakoof.com/womens-hoodies,Women's Bright White & Black All Over Printed Oversized Crop Hoodies,₹949,"₹3,999",76% OFF,4.5
https://www.bewakoof.com/womens-denims?manufacturer_brand=bewakoof%C2%AE,Women's Blue Washed Baggy Wide Leg Korean Jeans,"₹1,499","₹2,899",48% OFF,4.4
https://www.bewakoof.com/womens-denims?manufacturer_brand=bewakoof%C2%AE,Women's Blue Washed Baggy Wide Leg Jeans,"₹1,499","₹2,899",48% OFF,4.4
https://www.bewakoof.com/womens-denims?manufacturer_brand=bewakoof%C2%AE,Women's Dark Blue Washed Bootcut Jeans,"₹1,299","₹3,499",62% OFF,4.4
https://www.bewakoof.com/womens-denims?manufacturer_brand=bewakoof%C2%AE,Women's Light Blue Ankle Length Jeans,"₹1,199","₹2,799",57% OFF,4.4
https://www.bewakoof.com/womens-denims?manufacturer_brand=bewakoof%C2%AE,Women's Jet Black Bootcut Jeans,"₹1,199","₹2,999",60% OFF,4.4
https://www.bewakoof.com/womens-denims?manufacturer_brand=bewakoof%C2%AE,Women's Blue Straight Fit Jeans,"₹1,199","₹1,299",7% OFF,4.4
https://www.bewakoof.com/womens-denims?manufacturer_brand=bewakoof%C2%AE,Women's Jet Black Bootcut Jeans,₹899,"₹3,299",72% OFF,4.4
https://www.bewakoof.com/womens-denims?manufacturer_brand=bewakoof%C2%AE,Women's Black Applique Straight Fit Washed Jeans,"₹1,499","₹3,599",58% OFF,4.4
https://www.bewakoof.com/womens-denims?manufacturer_brand=bewakoof%C2%AE,Women's Black Applique Straight Fit Washed Jeans,"₹1,299","₹3,599",63% OFF,4.4
https://www.bewakoof.com/womens-denims?manufacturer_brand=bewakoof%C2%AE,Women's Blue Washed Barrel Fit Jeans,"₹1,199","₹3,999",70% OFF,4.4
https://www.bewakoof.com/womens-denims?manufacturer_brand=bewakoof%C2%AE,Women's Black Baggy Straight Fit Jeans,"₹1,499","₹2,899",48% OFF,4.4
https://www.bewakoof.com/womens-denims?manufacturer_brand=bewakoof%C2%AE,Women's Blue Washed Baggy Straight Fit Jeans,"₹1,499",,,4.4
https://www.bewakoof.com/womens-denims?manufacturer_brand=bewakoof%C2%AE,Women's Jet Black Washed Straight Fit Jeans,"₹1,499","₹3,599",58% OFF,4.4
https://www.bewakoof.com/womens-denims?manufacturer_brand=bewakoof%C2%AE,Women's Blue Washed Straight Fit Jeans,"₹1,499","₹2,899",48% OFF,4.4
https://www.bewakoof.com/womens-denims?manufacturer_brand=bewakoof%C2%AE,Women's Light Blue Washed Flared Korean Jeans,"₹1,299","₹3,599",63% OFF,4.4
https://www.bewakoof.com/womens-denims?manufacturer_brand=bewakoof%C2%AE,Women's Blue Bootcut Jeans,"₹1,199","₹2,999",60% OFF,4.4
https://www.bewakoof.com/womens-denims?manufacturer_brand=bewakoof%C2%AE,Women's Black Straight Fit Cargo Jeans,"₹1,899","₹3,399",44% OFF,4.4
https://www.bewakoof.com/womens-denims?manufacturer_brand=bewakoof%C2%AE,Women's Light Blue Washed Baggy Straight Fit Jeans,"₹1,499","₹3,799",60% OFF,4.4
https://www.bewakoof.com/womens-denims?manufacturer_brand=bewakoof%C2%AE,Women's Blue Washed Baggy Straight Fit Distressed Jeans,"₹1,299","₹2,999",56% OFF,4.4
https://www.bewakoof.com/women-t-shirts,Women's Orange Boyfriend T-shirt,₹399,₹699,42% OFF,4.3
https://www.bewakoof.com/women-t-shirts,Women's White Boyfriend T-shirt,₹399,₹999,60% OFF,4.3
https://www.bewakoof.com/women-t-shirts,Women's Ginger Root Brown Pocket Shine Graphic Printed Boyfriend T-shirt,₹449,"₹1,399",67% OFF,4.3
https://www.bewakoof.com/women-t-shirts,Women's Pink & White Camo Printed Oversized T-shirt,₹599,"₹1,149",47% OFF,4.3
https://www.bewakoof.com/women-t-shirts,Women's Black & White All Over Printed Oversized T-shirt,₹599,₹999,40% OFF,4.3
https://www.bewakoof.com/women-t-shirts,Women's Green Lavender Feels Graphic Printed Oversized T-shirt,₹599,"₹1,399",57% OFF,4.3
https://www.bewakoof.com/women-t-shirts,Women's Red Pocket Jerry Graphic Printed Boyfriend T-shirt,₹499,"₹1,099",54% OFF,4.3
https://www.bewakoof.com/women-t-shirts,Women's White Minimal Believe Typography Boyfriend T-shirt,₹449,"₹1,099",59% OFF,4.3
https://www.bewakoof.com/women-t-shirts,Women's Brick Red Boyfriend T-shirt,₹399,"₹1,299",69% OFF,4.3
https://www.bewakoof.com/women-t-shirts,Women's Black Boyfriend T-shirt,₹399,₹999,60% OFF,4.3
https://www.bewakoof.com/women-t-shirts,Women's Orange Queen Bee Graphic Printed Oversized T-shirt,₹599,"₹1,499",60% OFF,4.3
https://www.bewakoof.com/women-t-shirts,Women's Pink No Worries Graphic Printed Oversized T-shirt,₹699,"₹1,499",53% OFF,4.3
https://www.bewakoof.com/women-t-shirts,Women's Black Patch Minion Graphic Printed Oversized T-shirt,₹599,"₹1,499",60% OFF,4.3
https://www.bewakoof.com/women-t-shirts,Women's Azure Blue Cool Enough Graphic Printed Oversized T-shirt,₹599,"₹1,599",62% OFF,4.3
https://www.bewakoof.com/women-t-shirts,Women's Lilac Bloom Grooving Typography Oversized T-shirt,₹599,"₹1,599",62% OFF,4.3
https://www.bewakoof.com/women-t-shirts,Women's Orange Fresh As A Daisy Graphic Printed Boyfriend T-shirt,₹499,"₹1,299",61% OFF,4.3
https://www.bewakoof.com/women-t-shirts,Women's Black Money Don't Jiggle Graphic Printed Boyfriend T-shirt,₹449,₹999,55% OFF,4.3
https://www.bewakoof.com/women-t-shirts,Women's Orange Skool Graphic Printed Boyfriend T-shirt,₹499,"₹1,299",61% OFF,4.3
https://www.bewakoof.com/women-t-shirts,Women's Red Bonjour Paris Graphic Printed Boyfriend T-shirt,₹449,"₹1,099",59% OFF,4.3
https://www.bewakoof.com/women-t-shirts,Women's Blue Lazy Garfield Graphic Printed Oversized T-shirt,₹649,"₹1,349",51% OFF,4.3
https://www.bewakoof.com/women-shirts?manufacturer_brand=bewakoof%C2%AE,Women's Pink All Over Printed Oversized Shirt,"₹1,499","₹2,799",46% OFF,4.4
https://www.bewakoof.com/women-shirts?manufacturer_brand=bewakoof%C2%AE,Women's Off White All Over Printed Oversized Shirt,"₹1,199","₹2,699",55% OFF,4.4
https://www.bewakoof.com/women-shirts?manufacturer_brand=bewakoof%C2%AE,Women's Black Oversized Crop Cotton Linen Shirt,₹499,"₹1,899",73% OFF,4.4
https://www.bewakoof.com/women-shirts?manufacturer_brand=bewakoof%C2%AE,Women's Multicolor All Over Printed Oversized Shirt,₹999,"₹2,199",54% OFF,4.4
https://www.bewakoof.com/women-shirts?manufacturer_brand=bewakoof%C2%AE,Women's Romance Rose & Beige Pink Panther Graphic Printed Oversized Shirt,"₹1,199","₹2,599",53% OFF,4.4
https://www.bewakoof.com/women-shirts?manufacturer_brand=bewakoof%C2%AE,Women's Blue All Over Printed Oversized Shirt,"₹1,499","₹2,799",46% OFF,4.4
https://www.bewakoof.com/women-shirts?manufacturer_brand=bewakoof%C2%AE,Women's Orange Oversized Cotton Linen Shirt,₹799,"₹1,799",55% OFF,4.4
https://www.bewakoof.com/women-shirts?manufacturer_brand=bewakoof%C2%AE,Women's Blue Oversized Crop Cotton Linen Shirt,₹499,"₹1,699",70% OFF,4.4
https://www.bewakoof.com/women-shirts?manufacturer_brand=bewakoof%C2%AE,Women's Green All Over Printed Oversized Crop Shirt,₹569,"₹1,599",64% OFF,4.4
https://www.bewakoof.com/women-shirts?manufacturer_brand=bewakoof%C2%AE,Women's Red & Black Mickey Checked Oversized Crop Shirt,₹719,"₹1,599",55% OFF,4.4
https://www.bewakoof.com/women-shirts?manufacturer_brand=bewakoof%C2%AE,Women's Green Cargo Crop Shirt,₹549,"₹1,799",69% OFF,4.4
https://www.bewakoof.com/women-shirts?manufacturer_brand=bewakoof%C2%AE,Women's Black Oversized Crop Shirt,₹699,"₹1,499",53% OFF,4.4
https://www.bewakoof.com/women-shirts?manufacturer_brand=bewakoof%C2%AE,Women's White Lead Typography Oversized Crop Shirt,₹709,"₹1,599",55% OFF,4.4
https://www.bewakoof.com/women-shirts?manufacturer_brand=bewakoof%C2%AE,Women's Black Crop Shirt,₹449,"₹1,799",75% OFF,4.4
https://www.bewakoof.com/women-shirts?manufacturer_brand=bewakoof%C2%AE,Women's Multicolor All Over Printed Oversized Crop Shirt,₹499,"₹1,699",70% OFF,4.4
https://www.bewakoof.com/women-shirts?manufacturer_brand=bewakoof%C2%AE,Women's Blue & White All Over Printed Oversized Crop Shirt,₹499,"₹1,699",70% OFF,4.4
https://www.bewakoof.com/women-shirts?manufacturer_brand=bewakoof%C2%AE,Women's Black Oversized Crop Cotton Linen Shirt,₹499,"₹1,699",70% OFF,4.4
https://www.bewakoof.com/women-shirts?manufacturer_brand=bewakoof%C2%AE,Women's Green Oversized Crop Cotton Linen Shirt,₹499,"₹1,699",70% OFF,4.4
https://www.bewakoof.com/women-shirts?manufacturer_brand=bewakoof%C2%AE,Women's Black Oversized Cropped Shirt,₹399,"₹1,399",71% OFF,4.4
https://www.bewakoof.com/sweatshirts-for-women,Women's Beige Crop Zipper Sweatshirt,"₹1,089","₹3,099",64% OFF,4.6
https://www.bewakoof.com/sweatshirts-for-women,Women's Jet Black Crop Zipper Sweatshirt,"₹1,299","₹3,099",58% OFF,4.6
https://www.bewakoof.com/sweatshirts-for-women,Women's Pink Oversized Crop Sweatshirt,₹869,"₹2,399",63% OFF,4.6
https://www.bewakoof.com/sweatshirts-for-women,Women's Salsa Red Oversized Crop Sweatshirt,₹809,"₹2,699",70% OFF,4.6
https://www.bewakoof.com/sweatshirts-for-women,Women's Blarney Green Crop Zipper Sweatshirt,"₹1,089","₹3,099",64% OFF,4.6
https://www.bewakoof.com/sweatshirts-for-women,Women's Tawny Port Maroon Crop Zipper Sweatshirt,"₹1,089","₹3,099",64% OFF,4.6
https://www.bewakoof.com/sweatshirts-for-women,Women's Teal Green Star Girl Graphic Printed Oversized Acid Wash Crop Sweatshirt,"₹1,279","₹4,299",70% OFF,4.6
https://www.bewakoof.com/sweatshirts-for-women,Women's Jet Black Oversized Crop Sweatshirt,₹799,"₹2,399",66% OFF,4.6
https://www.bewakoof.com/sweatshirts-for-women,Women's Jet Black Stranger Things Typography Oversized Plus Size Sweatshirt,"₹1,019","₹3,599",71% OFF,4.6
https://www.bewakoof.com/sweatshirts-for-women,Women's Magenta Floral Printed Oversized Sweatshirt,"₹1,779","₹3,099",42% OFF,4.6
https://www.bewakoof.com/sweatshirts-for-women,Women's Chestnut Brown Embroidered Oversized Sweatshirt,₹969,"₹3,299",70% OFF,4.6
https://www.bewakoof.com/sweatshirts-for-women,Women's Beige & Ginger Root Brown Graphic Printed Oversized Cropped Sweatshirt,₹929,"₹3,599",74% OFF,4.6
https://www.bewakoof.com/sweatshirts-for-women,Women's Green Warm Vibes Only Graphic Printed Sweatshirt,₹829,"₹2,599",68% OFF,4.6
https://www.bewakoof.com/sweatshirts-for-women,Women's Beige Divine Graphic Printed Oversized Sweatshirt,₹969,"₹2,699",64% OFF,4.6
https://www.bewakoof.com/sweatshirts-for-women,Women's Black All Over Printed Oversized Cropped Sweatshirt,₹799,"₹3,399",76% OFF,4.6
https://www.bewakoof.com/sweatshirts-for-women,Women's Teal Green Oversized Acid Wash Crop Sweatshirt,"₹1,019","₹3,799",73% OFF,4.6
https://www.bewakoof.com/sweatshirts-for-women,Women's Magenta Oversized Sweatshirt,₹859,"₹2,799",69% OFF,4.6
https://www.bewakoof.com/sweatshirts-for-women,Women's Bright White Embroidered Oversized Sweatshirt,₹879,"₹2,649",66% OFF,4.6
https://www.bewakoof.com/sweatshirts-for-women,Women's Bright White Embroidered Oversized Plus Size Sweatshirt,"₹1,009","₹3,149",67% OFF,4.6
https://www.bewakoof.com/sweatshirts-for-women,Women's Dark Green Oversized Crop Sweatshirt,₹869,"₹2,399",63% OFF,4.6
https://www.bewakoof.com/women-jackets,Women's Black & Sage Reversible Super Loose Fit Puffer Jacket,"₹1,219","₹4,499",72% OFF,4.5
https://www.bewakoof.com/women-jackets,Women's Black Typography Denim Jacket,"₹1,799","₹5,299",66% OFF,4.5
https://www.bewakoof.com/women-jackets,Women's Black & White All Over Printed Oversized Zipper Puffer Jacket,"₹1,269","₹3,999",68% OFF,4.5
https://www.bewakoof.com/women-jackets,Women's Blue Embroidered Oversized Washed Cropped Denim Jacket,"₹1,409","₹5,299",73% OFF,4.5
https://www.bewakoof.com/women-jackets,Women's Beige Sleeveless Oversized Puffer Jacket,₹849,"₹3,099",72% OFF,4.5
https://www.bewakoof.com/women-jackets,Women's Brown Dramatic Typography Super Loose Fit Jacket,"₹1,109","₹2,499",55% OFF,4.5
https://www.bewakoof.com/women-jackets,Women's White & Red Color Block Oversized Windcheater Jacket,₹999,"₹3,199",68% OFF,4.5
https://www.bewakoof.com/women-jackets,Women's Purple Oversized Hooded Windcheater Jacket,₹929,"₹2,899",67% OFF,4.5
https://www.bewakoof.com/women-jackets,Women's White & Black All Over Printed Oversized Reversible Zipper Crop Puffer Jacket,"₹1,499","₹4,099",63% OFF,4.5
https://www.bewakoof.com/women-jackets,Women's Maroon & White Color Block Varsity Bomber Jacket,₹799,"₹1,199",33% OFF,4.5
https://www.bewakoof.com/women-jackets,Women's Bright White Applique Oversized Cropped Denim Jacket,"₹1,319","₹4,799",72% OFF,4.5
https://www.bewakoof.com/women-jackets,Women's Black Oversized Gilet Jacket,₹899,"₹3,249",72% OFF,4.5
https://www.bewakoof.com/women-jackets,Women's Navy Blue Oversized Hooded Windcheater Jacket,₹989,"₹3,599",72% OFF,4.5
https://www.bewakoof.com/women-jackets,Women's Green Oversized Gilet Jacket,₹854,"₹3,249",73% OFF,4.5
https://www.bewakoof.com/women-jackets,Women's Green Oversized Puffer Jacket,₹764,"₹2,499",69% OFF,4.5
https://www.bewakoof.com/women-jackets,Women's Sage Color Block Oversized Bomber Jacket,₹809,"₹3,799",78% OFF,4.5
https://www.bewakoof.com/women-jackets,Women's White Dramatic Typography Super Loose Fit Jacket,"₹1,319","₹2,499",47% OFF,4.5
https://www.bewakoof.com/women-jackets,Women's White Oversized Hooded Windcheater Jacket,₹929,"₹2,899",67% OFF,4.5
https://www.bewakoof.com/women-jackets,Women's Black & Blue Reversible Oversized Puffer Jacket,"₹1,139","₹4,699",75% OFF,4.5
https://www.bewakoof.com/women-jackets,Women's Brown & White Wierldy in Famous Graphic Printed Oversized Jacket,₹917,"₹2,499",63% OFF,4.5
https://www.bewakoof.com/women-sweaters,Women's Jet Black Oversized Sweater,₹869,"₹3,199",72% OFF,4.5
https://www.bewakoof.com/women-sweaters,Women's Jet Black Oversized Sweater,₹949,"₹3,199",70% OFF,4.5
https://www.bewakoof.com/women-sweaters,Women's Off White & Brown Striped Oversized Crop Sweater,₹739,"₹2,299",67% OFF,4.5
https://www.bewakoof.com/women-sweaters,Women's Black & White Tie & Dye Oversized Crop Sweater,"₹1,089","₹3,999",72% OFF,4.5
https://www.bewakoof.com/women-sweaters,Women's Black Striped Oversized Crop Sweater,₹709,"₹1,899",62% OFF,4.5
https://www.bewakoof.com/women-sweaters,Women's White & Purple Striped Oversized Crop Sweater,₹739,"₹2,299",67% OFF,4.5
https://www.bewakoof.com/women-sweaters,Women's Black Oversized Sweater,₹649,"₹1,899",65% OFF,4.5
https://www.bewakoof.com/women-sweaters,Women's Rolling Hills Striped Oversized Crop Sweater,₹589,"₹1,899",68% OFF,4.5
https://www.bewakoof.com/women-sweaters,Women's Blue Slim Fit Sweater,₹709,"₹2,499",71% OFF,4.5
https://www.bewakoof.com/women-sweaters,Women's Hot Red & Off White Typography Oversized Sweater,₹869,"₹2,799",68% OFF,4.5
https://www.bewakoof.com/women-sweaters,Women's Black All Over Printed Oversized Sweater,₹909,"₹2,749",66% OFF,4.5
https://www.bewakoof.com/women-sweaters,Women's Black & White Striped Oversized Sweater,₹849,"₹3,099",72% OFF,4.5
https://www.bewakoof.com/women-sweaters,Women's Jet Black Oversized Sweater,₹649,"₹2,499",74% OFF,4.5
https://www.bewakoof.com/women-sweaters,Women's White & Black Mickey Color Block Oversized Sweater,₹849,"₹2,599",67% OFF,4.5
https://www.bewakoof.com/women-sweaters,Women's Pink Oversized Flatknit Sweater,₹650,"₹2,199",70% OFF,4.5
https://www.bewakoof.com/women-sweaters,Women's Pink Who Needs People Typography Super Loose Fit Sweater,₹889,"₹2,299",61% OFF,4.5
https://www.bewakoof.com/women-sweaters,Women's Jet Black Embellished Oversized Sweater,"₹1,099","₹3,299",66% OFF,4.5
https://www.bewakoof.com/women-sweaters,Women's Red All Over Printed Oversized Sweater,₹959,"₹3,099",69% OFF,4.5
https://www.bewakoof.com/women-sweaters,Women's Hot Coral Pink All Over Printed Oversized Sweater,₹839,"₹3,099",72% OFF,4.5
https://www.bewakoof.com/women-sweaters,Women's Pastel Lilac High Neck Oversized Crop Sweater,₹476,"₹1,899",74% OFF,4.5
https://www.bewakoof.com/polo-t-shirts-for-women,Women's Pink & White Striped Polo T-shirt,₹549,"₹1,249",56% OFF,4.5
https://www.bewakoof.com/polo-t-shirts-for-women,Women's Blue & Green Striped Polo T-shirt,₹409,"₹1,249",67% OFF,4.5
https://www.bewakoof.com/polo-t-shirts-for-women,Women's Brown & Black Striped Oversized Polo T-shirt,₹409,"₹1,499",72% OFF,4.5
https://www.bewakoof.com/oversized-t-shirts-for-women,Women's Pink & White Camo Printed Oversized T-shirt,₹599,"₹1,149",47% OFF,4.6
https://www.bewakoof.com/oversized-t-shirts-for-women,Women's Black & White All Over Printed Oversized T-shirt,₹599,₹999,40% OFF,4.6
https://www.bewakoof.com/oversized-t-shirts-for-women,Women's Green Lavender Feels Graphic Printed Oversized T-shirt,₹599,"₹1,399",57% OFF,4.6
https://www.bewakoof.com/oversized-t-shirts-for-women,Women's Pink No Worries Graphic Printed Oversized T-shirt,₹699,"₹1,499",53% OFF,4.6
https://www.bewakoof.com/oversized-t-shirts-for-women,Women's Black Patch Minion Graphic Printed Oversized T-shirt,₹599,"₹1,499",60% OFF,4.6
https://www.bewakoof.com/oversized-t-shirts-for-women,Women's Azure Blue Cool Enough Graphic Printed Oversized T-shirt,₹599,"₹1,599",62% OFF,4.6
https://www.bewakoof.com/oversized-t-shirts-for-women,Women's Lilac Bloom Grooving Typography Oversized T-shirt,₹599,"₹1,599",62% OFF,4.6
https://www.bewakoof.com/oversized-t-shirts-for-women,Women's Blue Lazy Garfield Graphic Printed Oversized T-shirt,₹649,"₹1,349",51% OFF,4.6
https://www.bewakoof.com/oversized-t-shirts-for-women,Women's Blue Oversized T-shirt,₹599,₹999,40% OFF,4.6
https://www.bewakoof.com/oversized-t-shirts-for-women,Women's Orange Snoopy Cruisin Graphic Printed Oversized Acid Wash T-shirt,₹539,"₹1,699",68% OFF,4.6
https://www.bewakoof.com/oversized-t-shirts-for-women,Women's Purple Oversized T-shirt,₹599,₹899,33% OFF,4.6
https://www.bewakoof.com/oversized-t-shirts-for-women,Women's Black All Over Printed Oversized T-shirt,₹699,"₹1,199",41% OFF,4.6
https://www.bewakoof.com/oversized-t-shirts-for-women,Women's Brown Sugar Spice Everything Nice Graphic Printed Oversized T-shirt,₹599,"₹1,299",53% OFF,4.6
https://www.bewakoof.com/oversized-t-shirts-for-women,Women's Blue Stardust Soul Graphic Printed Oversized T-shirt,₹599,"₹1,499",60% OFF,4.6
https://www.bewakoof.com/oversized-t-shirts-for-women,Women's Green Be Stupid Odie Graphic Printed Oversized T-shirt,₹599,"₹1,349",55% OFF,4.6
https://www.bewakoof.com/oversized-t-shirts-for-women,Women's Green Friends Quotes Graphic Printed Oversized T-shirt,₹749,"₹1,299",42% OFF,4.6
https://www.bewakoof.com/oversized-t-shirts-for-women,Women's Red Emotional Baggage Graphic Printed Oversized T-shirt,₹599,"₹1,499",60% OFF,4.6
https://www.bewakoof.com/oversized-t-shirts-for-women,Women's Red Tom Chase Graphic Printed Oversized T-shirt,₹649,"₹1,099",40% OFF,4.6
https://www.bewakoof.com/oversized-t-shirts-for-women,Women's Black Bearly Awake Graphic Printed Oversized T-shirt,₹599,"₹1,499",60% OFF,4.6
https://www.bewakoof.com/oversized-t-shirts-for-women,Women's Pink Boba Graphic Printed Oversized T-shirt,₹799,"₹1,699",52% OFF,4.6
https://www.bewakoof.com/classic-t-shirt-for-women,Women's Black One With The Universe Graphic Printed T-shirt,₹399,₹999,60% OFF,4.5
https://www.bewakoof.com/classic-t-shirt-for-women,Women's Black Friends Typography Slim Fit T-shirt,₹499,"₹1,099",54% OFF,4.5
https://www.bewakoof.com/classic-t-shirt-for-women,Women's Black Certified Troublemakers Graphic Printed T-shirt,₹499,"₹1,099",54% OFF,4.5
https://www.bewakoof.com/classic-t-shirt-for-women,Women's Pink T-shirt,₹399,₹799,50% OFF,4.5
https://www.bewakoof.com/classic-t-shirt-for-women,Women's Pink Avoiding Responsibilities Graphic Printed T-shirt,₹499,₹999,50% OFF,4.5
https://www.bewakoof.com/classic-t-shirt-for-women,Women's White Bloom Wildly Graphic Printed Slim Fit T-shirt,₹399,"₹1,099",63% OFF,4.5
https://www.bewakoof.com/classic-t-shirt-for-women,Women's Black Slim Fit T-shirt,₹399,₹999,60% OFF,4.5
https://www.bewakoof.com/classic-t-shirt-for-women,Women's Bold Red Busy Doing Nothing Graphic Printed Slim Fit T-shirt,₹499,"₹1,099",54% OFF,4.5
https://www.bewakoof.com/classic-t-shirt-for-women,Women's Green Sundays We Do Nothing Graphic Printed T-shirt,₹499,₹999,50% OFF,4.5
https://www.bewakoof.com/classic-t-shirt-for-women,Women's Purple Mickey Wink Graphic Printed T-shirt,₹499,"₹1,099",54% OFF,4.5
https://www.bewakoof.com/classic-t-shirt-for-women,Women's Pink & White Striped Polo T-shirt,₹549,"₹1,249",56% OFF,4.5
https://www.bewakoof.com/classic-t-shirt-for-women,Women's Lilac Bloom T-Shirt,₹399,₹699,42% OFF,4.5
https://www.bewakoof.com/classic-t-shirt-for-women,Women's Black Inner Peace Graphic Printed Slim Fit T-shirt,₹399,"₹1,099",63% OFF,4.5
https://www.bewakoof.com/classic-t-shirt-for-women,Women's Blue Slim Fit T-shirt,₹399,₹449,11% OFF,4.5
https://www.bewakoof.com/classic-t-shirt-for-women,Women's Red T-shirt,₹399,₹999,60% OFF,4.5
https://www.bewakoof.com/classic-t-shirt-for-women,Women's Black Cats Coffee And Books Graphic Printed Slim Fit T-shirt,₹399,"₹1,099",63% OFF,4.5
https://www.bewakoof.com/classic-t-shirt-for-women,Women's White Slim Fit T-shirt,₹399,₹999,60% OFF,4.5
https://www.bewakoof.com/classic-t-shirt-for-women,Women's Fog Green T-shirt,₹399,₹599,33% OFF,4.5
https://www.bewakoof.com/classic-t-shirt-for-women,Women's Red Super Girlfriend Typography T-shirt,₹264,"₹1,499",82% OFF,4.5
https://www.bewakoof.com/classic-t-shirt-for-women,Women's Blue & Green Striped Polo T-shirt,₹409,"₹1,249",67% OFF,4.5
https://www.bewakoof.com/half-sleeve-t-shirts-for-women,Women's Orange Boyfriend T-shirt,₹399,₹699,42% OFF,4.3
https://www.bewakoof.com/half-sleeve-t-shirts-for-women,Women's White Boyfriend T-shirt,₹399,₹999,60% OFF,4.3
https://www.bewakoof.com/half-sleeve-t-shirts-for-women,Women's Pink & White Camo Printed Oversized T-shirt,₹599,"₹1,149",47% OFF,4.3
https://www.bewakoof.com/half-sleeve-t-shirts-for-women,Women's Black & White All Over Printed Oversized T-shirt,₹599,₹999,40% OFF,4.3
https://www.bewakoof.com/half-sleeve-t-shirts-for-women,Women's Green Lavender Feels Graphic Printed Oversized T-shirt,₹599,"₹1,399",57% OFF,4.3
https://www.bewakoof.com/half-sleeve-t-shirts-for-women,Women's Red Pocket Jerry Graphic Printed Boyfriend T-shirt,₹499,"₹1,099",54% OFF,4.3
https://www.bewakoof.com/half-sleeve-t-shirts-for-women,Women's White Minimal Believe Typography Boyfriend T-shirt,₹449,"₹1,099",59% OFF,4.3
https://www.bewakoof.com/half-sleeve-t-shirts-for-women,Women's Ginger Root Brown Pocket Shine Graphic Printed Boyfriend T-shirt,₹449,"₹1,399",67% OFF,4.3
https://www.bewakoof.com/half-sleeve-t-shirts-for-women,Women's Brick Red Boyfriend T-shirt,₹399,"₹1,299",69% OFF,4.3
https://www.bewakoof.com/half-sleeve-t-shirts-for-women,Women's Black Boyfriend T-shirt,₹399,₹999,60% OFF,4.3
https://www.bewakoof.com/half-sleeve-t-shirts-for-women,Women's Orange Queen Bee Graphic Printed Oversized T-shirt,₹599,"₹1,499",60% OFF,4.3
https://www.bewakoof.com/half-sleeve-t-shirts-for-women,Women's Pink No Worries Graphic Printed Oversized T-shirt,₹699,"₹1,499",53% OFF,4.3
https://www.bewakoof.com/half-sleeve-t-shirts-for-women,Women's Black Patch Minion Graphic Printed Oversized T-shirt,₹599,"₹1,499",60% OFF,4.3
https://www.bewakoof.com/half-sleeve-t-shirts-for-women,Women's Azure Blue Cool Enough Graphic Printed Oversized T-shirt,₹599,"₹1,599",62% OFF,4.3
https://www.bewakoof.com/half-sleeve-t-shirts-for-women,Women's Lilac Bloom Grooving Typography Oversized T-shirt,₹599,"₹1,599",62% OFF,4.3
https://www.bewakoof.com/half-sleeve-t-shirts-for-women,Women's Orange Fresh As A Daisy Graphic Printed Boyfriend T-shirt,₹499,"₹1,299",61% OFF,4.3
https://www.bewakoof.com/half-sleeve-t-shirts-for-women,Women's Black Money Don't Jiggle Graphic Printed Boyfriend T-shirt,₹449,₹999,55% OFF,4.3
https://www.bewakoof.com/half-sleeve-t-shirts-for-women,Women's Orange Skool Graphic Printed Boyfriend T-shirt,₹499,"₹1,299",61% OFF,4.3
https://www.bewakoof.com/half-sleeve-t-shirts-for-women,Women's Red Bonjour Paris Graphic Printed Boyfriend T-shirt,₹449,"₹1,099",59% OFF,4.3
https://www.bewakoof.com/half-sleeve-t-shirts-for-women,Women's Blue Lazy Garfield Graphic Printed Oversized T-shirt,₹649,"₹1,349",51% OFF,4.3
https://www.bewakoof.com/women-pajamas,Women's Grey Mickey All Over Printed Wide Leg Pyjamas,₹649,"₹1,499",56% OFF,4.4
https://www.bewakoof.com/women-pajamas,Women's Brown Pyjamas,₹699,"₹1,149",39% OFF,4.4
https://www.bewakoof.com/women-pajamas,Women's Black Pyjamas,₹599,"₹1,149",47% OFF,4.4
https://www.bewakoof.com/women-pajamas,Women's Grey All Over Printed Wide Leg Pyjamas,₹599,"₹1,399",57% OFF,4.4
https://www.bewakoof.com/women-pajamas,Women's Blue Pyjamas,₹599,"₹1,199",50% OFF,4.4
https://www.bewakoof.com/women-pajamas,Women's Black Pyjamas,₹699,"₹1,299",46% OFF,4.4
https://www.bewakoof.com/women-pajamas,Women's White & Black All Over Printed Wide Leg Pyjamas,₹699,"₹1,499",53% OFF,4.4
https://www.bewakoof.com/women-pajamas,Women's Skipper Blue Pyjamas,₹499,"₹1,149",56% OFF,4.4
https://www.bewakoof.com/women-pajamas,Women's Purple & Blue Mickey All Over Printed Wide Leg Pyjamas,₹599,"₹1,499",60% OFF,4.4
https://www.bewakoof.com/women-pajamas,Women's Black All Over Printed Wide Leg Pyjamas,₹599,"₹1,399",57% OFF,4.4
https://www.bewakoof.com/women-pajamas,Women's White All Over Printed Oversized Pyjamas,₹409,"₹1,549",73% OFF,4.4
https://www.bewakoof.com/women-pajamas,Women's White Mickey All Over Printed Pyjamas,₹599,"₹1,249",52% OFF,4.4
https://www.bewakoof.com/women-pajamas,Women's Clear Sky Blue Garfield All Over Printed Wide Leg Pyjamas,₹799,"₹2,299",65% OFF,4.4
https://www.bewakoof.com/women-pajamas,Women's Blue All Over Printed Wide Leg Pyjamas,₹699,"₹2,299",69% OFF,4.4
https://www.bewakoof.com/women-pajamas,Women's White All Over Printed Oversized Pyjamas,₹449,"₹1,549",71% OFF,4.4
https://www.bewakoof.com/women-pajamas,Women's Blue Tweety All Over Printed Wide Leg Pyjamas,₹799,"₹1,299",38% OFF,4.4
https://www.bewakoof.com/women-pajamas,Women's Purple All Over Printed Wide Leg Pyjamas,₹799,"₹1,799",55% OFF,4.4
https://www.bewakoof.com/women-pajamas,Women's Off White All Over Printed Wide Leg Pyjamas,₹699,"₹1,799",61% OFF,4.4
https://www.bewakoof.com/women-pajamas,Women's Grey All Over Printed Pyjamas,₹599,"₹1,799",66% OFF,4.4
https://www.bewakoof.com/women-pajamas,Women's Purple All Over Printed Wide Leg Pyjamas,₹799,"₹1,499",46% OFF,4.4
https://www.bewakoof.com/women-shorts,Women's Jet Black Oversized Shorts,₹549,"₹1,799",69% OFF,4.5
https://www.bewakoof.com/women-shorts,Women's Green Skorts,₹569,"₹1,899",70% OFF,4.5
https://www.bewakoof.com/women-shorts,Women's Blue Oversized Cotton Linen Shorts,₹629,"₹2,099",70% OFF,4.5
https://www.bewakoof.com/women-shorts,Women's Black Shorts,₹599,"₹1,299",53% OFF,4.5
https://www.bewakoof.com/women-shorts,Women's Blue & White All Over Printed Skorts,₹539,"₹2,099",74% OFF,4.5
https://www.bewakoof.com/women-shorts,Women's Multicolor All Over Printed Skorts,₹599,"₹2,099",71% OFF,4.5
https://www.bewakoof.com/women-shorts,Women's White & Black All Over Printed Shorts,₹579,₹999,42% OFF,4.5
https://www.bewakoof.com/women-shorts,Women's Purple Shorts,₹449,"₹1,799",75% OFF,4.5
https://www.bewakoof.com/women-shorts,Women's Grey Oversized Shorts,₹499,"₹1,799",72% OFF,4.5
https://www.bewakoof.com/women-shorts,Women's Taupe Brown Shorts,₹499,"₹1,799",72% OFF,4.5
https://www.bewakoof.com/women-shorts,Women's Off White All Over Printed Shorts,₹629,₹999,37% OFF,4.5
https://www.bewakoof.com/women-shorts,Women's Black & Orange All Over Printed Skorts,₹499,"₹1,899",73% OFF,4.5
https://www.bewakoof.com/women-shorts,Women's Purple Shorts,₹399,"₹1,499",73% OFF,4.5
https://www.bewakoof.com/women-shorts,Women's Pink Shorts,₹499,"₹1,799",72% OFF,4.5
https://www.bewakoof.com/women-shorts,Women's Taupe Brown Shorts,₹549,"₹1,799",69% OFF,4.5
https://www.bewakoof.com/women-shorts,Women's Green Oversized Cotton Linen Shorts,₹629,"₹2,099",70% OFF,4.5
https://www.bewakoof.com/women-shorts,Women's Blue Wide Shorts,₹399,"₹1,599",75% OFF,4.5
https://www.bewakoof.com/women-shorts,Women's Black Carpenter Shorts,₹499,"₹2,099",76% OFF,4.5
https://www.bewakoof.com/women-shorts,Women's Chocolate Brown Shorts,₹589,"₹2,299",74% OFF,4.5
https://www.bewakoof.com/women-shorts,Women's White & Green All Over Printed Skorts,₹529,"₹1,899",72% OFF,4.5
https://www.bewakoof.com/women-boxer-shorts,Women's Grey Boxer Shorts,₹399,₹699,42% OFF,4.4
https://www.bewakoof.com/women-boxer-shorts,Women's Black Boxer Shorts,₹399,₹699,42% OFF,4.4
https://www.bewakoof.com/women-boxer-shorts,Women's Blue Boxer Shorts,₹349,₹699,50% OFF,4.4
https://www.bewakoof.com/women-co-ord-sets,Women's Pink Oversized Co-ordinates,₹809,"₹3,199",74% OFF,4.5
https://www.bewakoof.com/women-co-ord-sets,Women's Blue Minion Blue Cord Graphic Printed Oversized Co-Ord Set,₹849,"₹2,949",71% OFF,4.5
https://www.bewakoof.com/women-co-ord-sets,Women's Blue Oversized Co-ordinates,₹899,"₹3,199",71% OFF,4.5
https://www.bewakoof.com/women-co-ord-sets,Women's Black Oversized Co-ordinates,₹899,"₹3,199",71% OFF,4.5
https://www.bewakoof.com/women-co-ord-sets,Women's Multicolor All Over Printed Co-ordinates,₹799,"₹2,499",68% OFF,4.5
https://www.bewakoof.com/women-co-ord-sets,Women's Green Oversized Co-ordinates,₹799,"₹3,199",75% OFF,4.5
https://www.bewakoof.com/women-co-ord-sets,Women's Black & Blue All Over Printed Co-ordinates,₹699,"₹2,499",72% OFF,4.5
https://www.bewakoof.com/women-co-ord-sets,Women's Black All Over Printed Co-ordinates,₹699,"₹2,499",72% OFF,4.5
https://www.bewakoof.com/women-co-ord-sets,Women's Black Bored Typography Co-ordinates,"₹1,059","₹3,449",69% OFF,4.5
https://www.bewakoof.com/women-co-ord-sets,Women's Black & White Problem Child Graphic Printed Oversized Co-ordinates,₹899,"₹3,199",71% OFF,4.5
https://www.bewakoof.com/women-co-ord-sets,Women's Black Super Loose Fit Co-ordinates,"₹1,009","₹2,999",66% OFF,4.5
https://www.bewakoof.com/women-co-ord-sets,Women's Orange Super Loose Fit Co-ordinates,₹979,"₹2,999",67% OFF,4.5
https://www.bewakoof.com/women-co-ord-sets,Women's Purple Super Loose Fit Co-ordinates,₹949,"₹2,999",68% OFF,4.5
https://www.bewakoof.com/women-co-ord-sets,Women's Green Super Loose Fit Co-ordinates,"₹1,019","₹2,999",66% OFF,4.5
https://www.bewakoof.com/women-co-ord-sets,Women's Green Tweety Graphic Printed Co-ordinates,"₹1,059","₹3,349",68% OFF,4.5
https://www.bewakoof.com/women-co-ord-sets,Women's Skipper Blue LMAO Graphic Printed Co-ordinates,₹949,"₹3,349",71% OFF,4.5
https://www.bewakoof.com/women-co-ord-sets,Women's Gardenia Super Loose Fit Co-ordinates,"₹1,019","₹2,999",66% OFF,4.5
https://www.bewakoof.com/women-co-ord-sets,Women's Black Dragon Graphic Printed Co-ordinates,₹949,"₹3,349",71% OFF,4.5
https://www.bewakoof.com/windcheaters-for-women,Women's White & Red Color Block Oversized Windcheater Jacket,₹999,"₹3,199",68% OFF,4.4
https://www.bewakoof.com/windcheaters-for-women,Women's Purple Oversized Hooded Windcheater Jacket,₹929,"₹2,899",67% OFF,4.4
https://www.bewakoof.com/windcheaters-for-women,Women's Navy Blue Oversized Hooded Windcheater Jacket,₹989,"₹3,599",72% OFF,4.4
https://www.bewakoof.com/windcheaters-for-women,Women's White Oversized Hooded Windcheater Jacket,₹929,"₹2,899",67% OFF,4.4
https://www.bewakoof.com/windcheaters-for-women,Women's Lime Green Color Block Windcheater Jacket,₹799,"₹2,699",70% OFF,4.4
https://www.bewakoof.com/windcheaters-for-women,Women's Peach Oversized Hooded Windcheater Jacket,₹959,"₹3,599",73% OFF,4.4
https://www.bewakoof.com/windcheaters-for-women,Women's White Hype Mart Typography Oversized Windcheater Jacket,₹799,"₹3,199",75% OFF,4.4
https://www.bewakoof.com/windcheaters-for-women,Women's Yellow & Black Color Block Windcheater Jacket,₹799,"₹2,099",61% OFF,4.4
https://www.bewakoof.com/baggy-jeans-for-women?manufacturer_brand=bewakoof%C2%AE,Women's Blue Washed Baggy Wide Leg Korean Jeans,"₹1,499","₹2,899",48% OFF,4.4
https://www.bewakoof.com/baggy-jeans-for-women?manufacturer_brand=bewakoof%C2%AE,Women's Blue Washed Baggy Wide Leg Jeans,"₹1,499","₹2,899",48% OFF,4.4
https://www.bewakoof.com/baggy-jeans-for-women?manufacturer_brand=bewakoof%C2%AE,Women's Black Baggy Straight Fit Jeans,"₹1,499","₹2,899",48% OFF,4.4
https://www.bewakoof.com/baggy-jeans-for-women?manufacturer_brand=bewakoof%C2%AE,Women's Blue Washed Straight Fit Jeans,"₹1,499","₹2,899",48% OFF,4.4
https://www.bewakoof.com/baggy-jeans-for-women?manufacturer_brand=bewakoof%C2%AE,Women's Black Straight Fit Cargo Jeans,"₹1,899","₹3,399",44% OFF,4.4
https://www.bewakoof.com/baggy-jeans-for-women?manufacturer_brand=bewakoof%C2%AE,Women's Blue Washed Baggy Straight Fit Distressed Jeans,"₹1,299","₹2,999",56% OFF,4.4
https://www.bewakoof.com/baggy-jeans-for-women?manufacturer_brand=bewakoof%C2%AE,Women's Blue Washed Baggy Straight Fit Jeans,"₹1,499","₹2,899",48% OFF,4.4
https://www.bewakoof.com/baggy-jeans-for-women?manufacturer_brand=bewakoof%C2%AE,Women's Black Baggy Wide Leg Jeans,"₹1,499","₹2,599",42% OFF,4.4
https://www.bewakoof.com/baggy-jeans-for-women?manufacturer_brand=bewakoof%C2%AE,Women's Blue Baggy Straight Fit Jeans,"₹1,049","₹2,899",63% OFF,4.4
https://www.bewakoof.com/baggy-jeans-for-women?manufacturer_brand=bewakoof%C2%AE,Women's Beige Baggy Tapered Fit Jeans,"₹1,199","₹2,899",58% OFF,4.4
https://www.bewakoof.com/baggy-jeans-for-women?manufacturer_brand=bewakoof%C2%AE,Women's White Baggy Distressed Wide Leg Jeans,₹929,"₹2,899",67% OFF,4.4
https://www.bewakoof.com/baggy-jeans-for-women?manufacturer_brand=bewakoof%C2%AE,Women's Black Washed Straight Fit Cargo Jeans,₹999,"₹3,199",68% OFF,4.4
https://www.bewakoof.com/baggy-jeans-for-women?manufacturer_brand=bewakoof%C2%AE,Women's Blue Washed Straight Fit Cargo Jeans,"₹1,089","₹3,399",67% OFF,4.4
https://www.bewakoof.com/baggy-jeans-for-women?manufacturer_brand=bewakoof%C2%AE,Women's Dark Brown Straight Fit Cargo Jeans,"₹1,699","₹3,199",46% OFF,4.4
https://www.bewakoof.com/baggy-jeans-for-women?manufacturer_brand=bewakoof%C2%AE,Women's Blue Washed Baggy Wide Leg Jeans,₹999,"₹2,599",61% OFF,4.4
https://www.bewakoof.com/baggy-jeans-for-women?manufacturer_brand=bewakoof%C2%AE,Women's Brown Baggy Wide Leg Jeans,"₹1,599","₹2,899",44% OFF,4.4
https://www.bewakoof.com/baggy-jeans-for-women?manufacturer_brand=bewakoof%C2%AE,Women's White Baggy Straight Fit Distressed Jeans,₹799,"₹2,999",73% OFF,4.4
https://www.bewakoof.com/baggy-jeans-for-women?manufacturer_brand=bewakoof%C2%AE,Women's Blue Washed Baggy Distressed Jeans,₹899,"₹2,899",68% OFF,4.4
https://www.bewakoof.com/baggy-jeans-for-women?manufacturer_brand=bewakoof%C2%AE,Women's Blue Washed Baggy Stright Fit Cropped Cargo Jeans,₹799,"₹2,999",73% OFF,4.4
https://www.bewakoof.com/baggy-pants-for-women?manufacturer_brand=bewakoof%C2%AE,Women's Black Baggy Oversized Cargo Parachute Pants,"₹1,299","₹2,499",48% OFF,4.4
https://www.bewakoof.com/baggy-pants-for-women?manufacturer_brand=bewakoof%C2%AE,Women's Black Baggy Oversized Cargo Parachute Pants,"₹1,199","₹2,399",50% OFF,4.4
https://www.bewakoof.com/baggy-pants-for-women?manufacturer_brand=bewakoof%C2%AE,Women's Green Baggy Oversized Parachute Pants,₹829,"₹2,399",65% OFF,4.4
https://www.bewakoof.com/baggy-pants-for-women?manufacturer_brand=bewakoof%C2%AE,Women's Off White Baggy Oversized Parachute Pants,₹719,"₹2,299",68% OFF,4.4
https://www.bewakoof.com/baggy-pants-for-women?manufacturer_brand=bewakoof%C2%AE,Women's Blue Baggy Oversized Cargo Parachute Pants,"₹1,199","₹2,399",50% OFF,4.4
https://www.bewakoof.com/baggy-pants-for-women?manufacturer_brand=bewakoof%C2%AE,Women's Black Baggy Oversized Cargo Pants,₹999,"₹2,549",60% OFF,4.4
https://www.bewakoof.com/baggy-pants-for-women?manufacturer_brand=bewakoof%C2%AE,Women's Grey Baggy Super Loose Fit Wide Leg Pants,₹879,"₹2,249",60% OFF,4.4
https://www.bewakoof.com/baggy-pants-for-women?manufacturer_brand=bewakoof%C2%AE,Women's Blue Baggy Oversized Cargo Parachute Pants,₹949,"₹2,749",65% OFF,4.4
https://www.bewakoof.com/baggy-pants-for-women?manufacturer_brand=bewakoof%C2%AE,Women's Purple Baggy Oversized Parachute Pants,₹869,"₹2,399",63% OFF,4.4
https://www.bewakoof.com/baggy-pants-for-women?manufacturer_brand=bewakoof%C2%AE,Women's Pink Baggy Oversized Parachute Pants,₹869,"₹2,149",59% OFF,4.4
https://www.bewakoof.com/baggy-pants-for-women?manufacturer_brand=bewakoof%C2%AE,Women's Green Baggy All Over Printed Oversized Parachute Pants,₹829,"₹2,449",66% OFF,4.4
https://www.bewakoof.com/baggy-pants-for-women?manufacturer_brand=bewakoof%C2%AE,Women's Blue Baggy Oversized Parachute Pants,₹879,"₹2,399",63% OFF,4.4
https://www.bewakoof.com/baggy-pants-for-women?manufacturer_brand=bewakoof%C2%AE,Women's Orange Baggy Oversized Cargo Parachute Pants,₹829,"₹2,399",65% OFF,4.4
https://www.bewakoof.com/baggy-pants-for-women?manufacturer_brand=bewakoof%C2%AE,Women's Green Baggy Oversized Cargo Parachute Pants,"₹1,199","₹2,749",56% OFF,4.4
https://www.bewakoof.com/baggy-pants-for-women?manufacturer_brand=bewakoof%C2%AE,Women's Green Baggy All Over Printed Oversized Cargo Parachute Pants,₹739,"₹2,649",72% OFF,4.4
https://www.bewakoof.com/baggy-pants-for-women?manufacturer_brand=bewakoof%C2%AE,Women's Black Baggy Super Loose Fit Wide Leg Pants,₹869,"₹2,249",61% OFF,4.4
https://www.bewakoof.com/baggy-pants-for-women?manufacturer_brand=bewakoof%C2%AE,Women's Black Baggy Oversized Parachute Pants,₹809,"₹2,399",66% OFF,4.4
https://www.bewakoof.com/baggy-pants-for-women?manufacturer_brand=bewakoof%C2%AE,Women's Khaki Baggy Oversized Cargo Parachute Pants,₹789,"₹2,749",71% OFF,4.4
https://www.bewakoof.com/women-straight-fit-jeans?manufacturer_brand=bewakoof%C2%AE,Women's Blue Straight Fit Jeans,"₹1,199","₹1,299",7% OFF,4.4
https://www.bewakoof.com/women-straight-fit-jeans?manufacturer_brand=bewakoof%C2%AE,Women's Black Applique Straight Fit Washed Jeans,"₹1,499","₹3,599",58% OFF,4.4
https://www.bewakoof.com/women-straight-fit-jeans?manufacturer_brand=bewakoof%C2%AE,Women's Black Applique Straight Fit Washed Jeans,"₹1,299","₹3,599",63% OFF,4.4
https://www.bewakoof.com/women-straight-fit-jeans?manufacturer_brand=bewakoof%C2%AE,Women's Black Baggy Straight Fit Jeans,"₹1,499","₹2,899",48% OFF,4.4
https://www.bewakoof.com/women-straight-fit-jeans?manufacturer_brand=bewakoof%C2%AE,Women's Blue Washed Baggy Straight Fit Jeans,"₹1,499",,,4.4
https://www.bewakoof.com/women-straight-fit-jeans?manufacturer_brand=bewakoof%C2%AE,Women's Jet Black Washed Straight Fit Jeans,"₹1,499","₹3,599",58% OFF,4.4
https://www.bewakoof.com/women-straight-fit-jeans?manufacturer_brand=bewakoof%C2%AE,Women's Blue Washed Straight Fit Jeans,"₹1,499","₹2,899",48% OFF,4.4
https://www.bewakoof.com/women-straight-fit-jeans?manufacturer_brand=bewakoof%C2%AE,Women's Black Straight Fit Cargo Jeans,"₹1,899","₹3,399",44% OFF,4.4
https://www.bewakoof.com/women-straight-fit-jeans?manufacturer_brand=bewakoof%C2%AE,Women's Light Blue Washed Baggy Straight Fit Jeans,"₹1,499","₹3,799",60% OFF,4.4
https://www.bewakoof.com/women-straight-fit-jeans?manufacturer_brand=bewakoof%C2%AE,Women's Blue Washed Baggy Straight Fit Distressed Jeans,"₹1,299","₹2,999",56% OFF,4.4
https://www.bewakoof.com/women-straight-fit-jeans?manufacturer_brand=bewakoof%C2%AE,Women's Blue Washed Baggy Straight Fit Jeans,"₹1,499","₹2,899",48% OFF,4.4
https://www.bewakoof.com/women-straight-fit-jeans?manufacturer_brand=bewakoof%C2%AE,Women's Blue Applique Straight Fit Washed Jeans,"₹1,399","₹3,699",62% OFF,4.4
https://www.bewakoof.com/women-straight-fit-jeans?manufacturer_brand=bewakoof%C2%AE,Women's Dark Blue Washed Baggy Straight Fit Jeans,"₹1,499","₹3,799",60% OFF,4.4
https://www.bewakoof.com/women-straight-fit-jeans?manufacturer_brand=bewakoof%C2%AE,Women's Grey Distressed Washed Straight Fit Jeans,"₹1,299","₹3,999",67% OFF,4.4
https://www.bewakoof.com/women-straight-fit-jeans?manufacturer_brand=bewakoof%C2%AE,Women's Light Blue Washed Straight Fit Cargo Jeans,"₹1,299","₹3,999",67% OFF,4.4
https://www.bewakoof.com/women-straight-fit-jeans?manufacturer_brand=bewakoof%C2%AE,Women's Blue Baggy Straight Fit Jeans,"₹1,049","₹2,899",63% OFF,4.4
https://www.bewakoof.com/women-straight-fit-jeans?manufacturer_brand=bewakoof%C2%AE,Women's Black Distressed Washed Straight Fit Jeans,"₹1,299","₹3,999",67% OFF,4.4
https://www.bewakoof.com/women-straight-fit-jeans?manufacturer_brand=bewakoof%C2%AE,Women's Dark Blue Washed Straight Fit Cargo Jeans,"₹1,499","₹3,999",62% OFF,4.4
https://www.bewakoof.com/women-straight-fit-jeans?manufacturer_brand=bewakoof%C2%AE,Women's Light Blue Washed Straight Fit Distressed Jeans,"₹1,399","₹3,999",65% OFF,4.4
https://www.bewakoof.com/women-straight-fit-jeans?manufacturer_brand=bewakoof%C2%AE,Women's Blue Distressed Washed Straight Fit Jeans,"₹1,349","₹3,999",66% OFF,4.4
